select 1;

-- ユーザテーブル
insert into user_mst(id,name) values ('00001','00001');
insert into user_mst(id,name) values ('00002','00002');
insert into user_mst(id,name) values ('00003','00003');

-- 認証テーブル
insert into auth_mst(id,account,roles,password) values ('00001','00001','1','00001');
insert into auth_mst(id,account,roles,password) values ('00002','00002','2','00002');
insert into auth_mst(id,account,roles,password) values ('00003','00003','3','00003');

-- 勤怠期間テーブル
insert into period_tbl(id,period) values ('00001','2020-01');
insert into period_tbl(id,period) values ('00002','2020-01');
insert into period_tbl(id,period) values ('00002','2020-02');
insert into period_tbl(id,period) values ('00002','2020-03');
insert into period_tbl(id,period) values ('00002','2020-04');
insert into period_tbl(id,period) values ('00002','2020-05');
insert into period_tbl(id,period) values ('00002','2020-06');
insert into period_tbl(id,period) values ('00002','2020-07');
insert into period_tbl(id,period) values ('00002','2020-08');
insert into period_tbl(id,period) values ('00002','2020-09');
insert into period_tbl(id,period) values ('00002','2020-11');
insert into period_tbl(id,period) values ('00002','2020-12');
insert into period_tbl(id,period) values ('00001','2020-02');
insert into period_tbl(id,period) values ('00001','2020-03');
insert into period_tbl(id,period) values ('00001','2020-04');
insert into period_tbl(id,period) values ('00001','2020-05');
insert into period_tbl(id,period) values ('00001','2020-06');
insert into period_tbl(id,period) values ('00001','2020-07');
insert into period_tbl(id,period) values ('00001','2020-08');
insert into period_tbl(id,period) values ('00001','2020-09');
insert into period_tbl(id,period) values ('00001','2020-11');
insert into period_tbl(id,period) values ('00001','2020-12');

-- 勤怠詳細テーブル
insert into detail_tbl(id,period,"date",week,type,open_time,close_time,break_time,total_time,remark) values ('00002','2020-01','1','土','0',null,null,null,null,null);
insert into detail_tbl(id,period,"date",week,type,open_time,close_time,break_time,total_time,remark) values ('00002','2020-01','2','日','0',null,null,null,null,null);
insert into detail_tbl(id,period,"date",week,type,open_time,close_time,break_time,total_time,remark) values ('00002','2020-01','3','月','0',null,null,null,null,null);
insert into detail_tbl(id,period,"date",week,type,open_time,close_time,break_time,total_time,remark) values ('00002','2020-01','4','火','0',null,null,null,null,null);
insert into detail_tbl(id,period,"date",week,type,open_time,close_time,break_time,total_time,remark) values ('00002','2020-01','5','水','0',null,null,null,null,null);
insert into detail_tbl(id,period,"date",week,type,open_time,close_time,break_time,total_time,remark) values ('00002','2020-01','6','木','0',null,null,null,null,null);
insert into detail_tbl(id,period,"date",week,type,open_time,close_time,break_time,total_time,remark) values ('00002','2020-01','7','金','0',null,null,null,null,null);
insert into detail_tbl(id,period,"date",week,type,open_time,close_time,break_time,total_time,remark) values ('00002','2020-01','8','土','0',null,null,null,null,null);
insert into detail_tbl(id,period,"date",week,type,open_time,close_time,break_time,total_time,remark) values ('00002','2020-01','9','日','0',null,null,null,null,null);
insert into detail_tbl(id,period,"date",week,type,open_time,close_time,break_time,total_time,remark) values ('00002','2020-01','10','月','0',null,null,null,null,null);
insert into detail_tbl(id,period,"date",week,type,open_time,close_time,break_time,total_time,remark) values ('00002','2020-01','11','火','0',null,null,null,null,null);
insert into detail_tbl(id,period,"date",week,type,open_time,close_time,break_time,total_time,remark) values ('00002','2020-01','12','水','0',null,null,null,null,null);
insert into detail_tbl(id,period,"date",week,type,open_time,close_time,break_time,total_time,remark) values ('00002','2020-01','13','木','0',null,null,null,null,null);
insert into detail_tbl(id,period,"date",week,type,open_time,close_time,break_time,total_time,remark) values ('00002','2020-01','14','金','0',null,null,null,null,null);
insert into detail_tbl(id,period,"date",week,type,open_time,close_time,break_time,total_time,remark) values ('00002','2020-01','15','土','0',null,null,null,null,null);
insert into detail_tbl(id,period,"date",week,type,open_time,close_time,break_time,total_time,remark) values ('00002','2020-01','16','日','0',null,null,null,null,null);
insert into detail_tbl(id,period,"date",week,type,open_time,close_time,break_time,total_time,remark) values ('00002','2020-01','17','月','0',null,null,null,null,null);
insert into detail_tbl(id,period,"date",week,type,open_time,close_time,break_time,total_time,remark) values ('00002','2020-01','18','火','0',null,null,null,null,null);
insert into detail_tbl(id,period,"date",week,type,open_time,close_time,break_time,total_time,remark) values ('00002','2020-01','19','水','0',null,null,null,null,null);
insert into detail_tbl(id,period,"date",week,type,open_time,close_time,break_time,total_time,remark) values ('00002','2020-01','20','木','0',null,null,null,null,null);
insert into detail_tbl(id,period,"date",week,type,open_time,close_time,break_time,total_time,remark) values ('00002','2020-01','21','金','0',null,null,null,null,null);
insert into detail_tbl(id,period,"date",week,type,open_time,close_time,break_time,total_time,remark) values ('00002','2020-01','22','土','0',null,null,null,null,null);
insert into detail_tbl(id,period,"date",week,type,open_time,close_time,break_time,total_time,remark) values ('00002','2020-01','23','日','0',null,null,null,null,null);
insert into detail_tbl(id,period,"date",week,type,open_time,close_time,break_time,total_time,remark) values ('00002','2020-01','24','月','0',null,null,null,null,null);
insert into detail_tbl(id,period,"date",week,type,open_time,close_time,break_time,total_time,remark) values ('00002','2020-01','25','火','0',null,null,null,null,null);
insert into detail_tbl(id,period,"date",week,type,open_time,close_time,break_time,total_time,remark) values ('00002','2020-01','26','水','0',null,null,null,null,null);
insert into detail_tbl(id,period,"date",week,type,open_time,close_time,break_time,total_time,remark) values ('00002','2020-01','27','木','0',null,null,null,null,null);
insert into detail_tbl(id,period,"date",week,type,open_time,close_time,break_time,total_time,remark) values ('00002','2020-01','28','金','0',null,null,null,null,null);
insert into detail_tbl(id,period,"date",week,type,open_time,close_time,break_time,total_time,remark) values ('00002','2020-01','29','土','0',null,null,null,null,null);
insert into detail_tbl(id,period,"date",week,type,open_time,close_time,break_time,total_time,remark) values ('00002','2020-02','1','日','0',null,null,null,null,null);
insert into detail_tbl(id,period,"date",week,type,open_time,close_time,break_time,total_time,remark) values ('00001','2020-01','1','土','0',null,null,null,null,null);
insert into detail_tbl(id,period,"date",week,type,open_time,close_time,break_time,total_time,remark) values ('00001','2020-01','2','日','0',null,null,null,null,null);
insert into detail_tbl(id,period,"date",week,type,open_time,close_time,break_time,total_time,remark) values ('00001','2020-01','3','月','0',null,null,null,null,null);
insert into detail_tbl(id,period,"date",week,type,open_time,close_time,break_time,total_time,remark) values ('00001','2020-01','4','火','0',null,null,null,null,null);
insert into detail_tbl(id,period,"date",week,type,open_time,close_time,break_time,total_time,remark) values ('00001','2020-01','5','水','0',null,null,null,null,null);
insert into detail_tbl(id,period,"date",week,type,open_time,close_time,break_time,total_time,remark) values ('00001','2020-01','6','木','0',null,null,null,null,null);
insert into detail_tbl(id,period,"date",week,type,open_time,close_time,break_time,total_time,remark) values ('00001','2020-01','7','金','0',null,null,null,null,null);
insert into detail_tbl(id,period,"date",week,type,open_time,close_time,break_time,total_time,remark) values ('00001','2020-01','8','土','0',null,null,null,null,null);
insert into detail_tbl(id,period,"date",week,type,open_time,close_time,break_time,total_time,remark) values ('00001','2020-01','9','日','0',null,null,null,null,null);
insert into detail_tbl(id,period,"date",week,type,open_time,close_time,break_time,total_time,remark) values ('00001','2020-01','10','月','0',null,null,null,null,null);
insert into detail_tbl(id,period,"date",week,type,open_time,close_time,break_time,total_time,remark) values ('00001','2020-01','11','火','0',null,null,null,null,null);
insert into detail_tbl(id,period,"date",week,type,open_time,close_time,break_time,total_time,remark) values ('00001','2020-01','12','水','0',null,null,null,null,null);
insert into detail_tbl(id,period,"date",week,type,open_time,close_time,break_time,total_time,remark) values ('00001','2020-01','13','木','0',null,null,null,null,null);
insert into detail_tbl(id,period,"date",week,type,open_time,close_time,break_time,total_time,remark) values ('00001','2020-01','14','金','0',null,null,null,null,null);
insert into detail_tbl(id,period,"date",week,type,open_time,close_time,break_time,total_time,remark) values ('00001','2020-01','15','土','0',null,null,null,null,null);
insert into detail_tbl(id,period,"date",week,type,open_time,close_time,break_time,total_time,remark) values ('00001','2020-01','16','日','0',null,null,null,null,null);
insert into detail_tbl(id,period,"date",week,type,open_time,close_time,break_time,total_time,remark) values ('00001','2020-01','17','月','0',null,null,null,null,null);
insert into detail_tbl(id,period,"date",week,type,open_time,close_time,break_time,total_time,remark) values ('00001','2020-01','18','火','0',null,null,null,null,null);
insert into detail_tbl(id,period,"date",week,type,open_time,close_time,break_time,total_time,remark) values ('00001','2020-01','19','水','0',null,null,null,null,null);
insert into detail_tbl(id,period,"date",week,type,open_time,close_time,break_time,total_time,remark) values ('00001','2020-01','20','木','0',null,null,null,null,null);
insert into detail_tbl(id,period,"date",week,type,open_time,close_time,break_time,total_time,remark) values ('00001','2020-01','21','金','0',null,null,null,null,null);
insert into detail_tbl(id,period,"date",week,type,open_time,close_time,break_time,total_time,remark) values ('00001','2020-01','22','土','0',null,null,null,null,null);
insert into detail_tbl(id,period,"date",week,type,open_time,close_time,break_time,total_time,remark) values ('00001','2020-01','23','日','0',null,null,null,null,null);
insert into detail_tbl(id,period,"date",week,type,open_time,close_time,break_time,total_time,remark) values ('00001','2020-01','24','月','0',null,null,null,null,null);
insert into detail_tbl(id,period,"date",week,type,open_time,close_time,break_time,total_time,remark) values ('00001','2020-01','25','火','0',null,null,null,null,null);
insert into detail_tbl(id,period,"date",week,type,open_time,close_time,break_time,total_time,remark) values ('00001','2020-01','26','水','0',null,null,null,null,null);
insert into detail_tbl(id,period,"date",week,type,open_time,close_time,break_time,total_time,remark) values ('00001','2020-01','27','木','0',null,null,null,null,null);
insert into detail_tbl(id,period,"date",week,type,open_time,close_time,break_time,total_time,remark) values ('00001','2020-01','28','金','0',null,null,null,null,null);
insert into detail_tbl(id,period,"date",week,type,open_time,close_time,break_time,total_time,remark) values ('00001','2020-01','29','土','0',null,null,null,null,null);
insert into detail_tbl(id,period,"date",week,type,open_time,close_time,break_time,total_time,remark) values ('00002','2020-02','2','月','0',null,null,null,null,null);
insert into detail_tbl(id,period,"date",week,type,open_time,close_time,break_time,total_time,remark) values ('00002','2020-02','3','火','0',null,null,null,null,null);
insert into detail_tbl(id,period,"date",week,type,open_time,close_time,break_time,total_time,remark) values ('00002','2020-02','4','水','0',null,null,null,null,null);
insert into detail_tbl(id,period,"date",week,type,open_time,close_time,break_time,total_time,remark) values ('00002','2020-02','5','木','0',null,null,null,null,null);
insert into detail_tbl(id,period,"date",week,type,open_time,close_time,break_time,total_time,remark) values ('00002','2020-02','6','金','0',null,null,null,null,null);
insert into detail_tbl(id,period,"date",week,type,open_time,close_time,break_time,total_time,remark) values ('00002','2020-02','7','土','0',null,null,null,null,null);
insert into detail_tbl(id,period,"date",week,type,open_time,close_time,break_time,total_time,remark) values ('00002','2020-02','8','日','0',null,null,null,null,null);
insert into detail_tbl(id,period,"date",week,type,open_time,close_time,break_time,total_time,remark) values ('00002','2020-02','9','月','0',null,null,null,null,null);
insert into detail_tbl(id,period,"date",week,type,open_time,close_time,break_time,total_time,remark) values ('00002','2020-02','10','火','0',null,null,null,null,null);
insert into detail_tbl(id,period,"date",week,type,open_time,close_time,break_time,total_time,remark) values ('00002','2020-02','11','水','0',null,null,null,null,null);
insert into detail_tbl(id,period,"date",week,type,open_time,close_time,break_time,total_time,remark) values ('00002','2020-02','12','木','0',null,null,null,null,null);
insert into detail_tbl(id,period,"date",week,type,open_time,close_time,break_time,total_time,remark) values ('00002','2020-02','13','金','0',null,null,null,null,null);
insert into detail_tbl(id,period,"date",week,type,open_time,close_time,break_time,total_time,remark) values ('00002','2020-02','14','土','0',null,null,null,null,null);
insert into detail_tbl(id,period,"date",week,type,open_time,close_time,break_time,total_time,remark) values ('00002','2020-02','15','日','0',null,null,null,null,null);
insert into detail_tbl(id,period,"date",week,type,open_time,close_time,break_time,total_time,remark) values ('00002','2020-02','16','月','0',null,null,null,null,null);
insert into detail_tbl(id,period,"date",week,type,open_time,close_time,break_time,total_time,remark) values ('00002','2020-02','17','火','0',null,null,null,null,null);
insert into detail_tbl(id,period,"date",week,type,open_time,close_time,break_time,total_time,remark) values ('00002','2020-02','18','水','0',null,null,null,null,null);
insert into detail_tbl(id,period,"date",week,type,open_time,close_time,break_time,total_time,remark) values ('00002','2020-02','19','木','0',null,null,null,null,null);
insert into detail_tbl(id,period,"date",week,type,open_time,close_time,break_time,total_time,remark) values ('00002','2020-02','20','金','0',null,null,null,null,null);
insert into detail_tbl(id,period,"date",week,type,open_time,close_time,break_time,total_time,remark) values ('00002','2020-02','21','土','0',null,null,null,null,null);
insert into detail_tbl(id,period,"date",week,type,open_time,close_time,break_time,total_time,remark) values ('00002','2020-02','22','日','0',null,null,null,null,null);
insert into detail_tbl(id,period,"date",week,type,open_time,close_time,break_time,total_time,remark) values ('00002','2020-02','23','月','0',null,null,null,null,null);
insert into detail_tbl(id,period,"date",week,type,open_time,close_time,break_time,total_time,remark) values ('00002','2020-02','24','火','0',null,null,null,null,null);
insert into detail_tbl(id,period,"date",week,type,open_time,close_time,break_time,total_time,remark) values ('00002','2020-02','25','水','0',null,null,null,null,null);
insert into detail_tbl(id,period,"date",week,type,open_time,close_time,break_time,total_time,remark) values ('00002','2020-02','26','木','0',null,null,null,null,null);
insert into detail_tbl(id,period,"date",week,type,open_time,close_time,break_time,total_time,remark) values ('00002','2020-02','27','金','0',null,null,null,null,null);
insert into detail_tbl(id,period,"date",week,type,open_time,close_time,break_time,total_time,remark) values ('00002','2020-02','28','土','0',null,null,null,null,null);
insert into detail_tbl(id,period,"date",week,type,open_time,close_time,break_time,total_time,remark) values ('00002','2020-02','29','日','0',null,null,null,null,null);
insert into detail_tbl(id,period,"date",week,type,open_time,close_time,break_time,total_time,remark) values ('00002','2020-02','30','月','0',null,null,null,null,null);
insert into detail_tbl(id,period,"date",week,type,open_time,close_time,break_time,total_time,remark) values ('00002','2020-02','31','火','0',null,null,null,null,null);
insert into detail_tbl(id,period,"date",week,type,open_time,close_time,break_time,total_time,remark) values ('00002','2020-03','1','水','0',null,null,null,null,null);
insert into detail_tbl(id,period,"date",week,type,open_time,close_time,break_time,total_time,remark) values ('00002','2020-03','2','木','0',null,null,null,null,null);
insert into detail_tbl(id,period,"date",week,type,open_time,close_time,break_time,total_time,remark) values ('00002','2020-03','3','金','0',null,null,null,null,null);
insert into detail_tbl(id,period,"date",week,type,open_time,close_time,break_time,total_time,remark) values ('00002','2020-03','4','土','0',null,null,null,null,null);
insert into detail_tbl(id,period,"date",week,type,open_time,close_time,break_time,total_time,remark) values ('00002','2020-03','5','日','0',null,null,null,null,null);
insert into detail_tbl(id,period,"date",week,type,open_time,close_time,break_time,total_time,remark) values ('00002','2020-03','6','月','0',null,null,null,null,null);
insert into detail_tbl(id,period,"date",week,type,open_time,close_time,break_time,total_time,remark) values ('00002','2020-03','7','火','0',null,null,null,null,null);
insert into detail_tbl(id,period,"date",week,type,open_time,close_time,break_time,total_time,remark) values ('00002','2020-03','8','水','0',null,null,null,null,null);
insert into detail_tbl(id,period,"date",week,type,open_time,close_time,break_time,total_time,remark) values ('00002','2020-03','9','木','0',null,null,null,null,null);
insert into detail_tbl(id,period,"date",week,type,open_time,close_time,break_time,total_time,remark) values ('00002','2020-03','10','金','0',null,null,null,null,null);
insert into detail_tbl(id,period,"date",week,type,open_time,close_time,break_time,total_time,remark) values ('00002','2020-03','11','土','0',null,null,null,null,null);
insert into detail_tbl(id,period,"date",week,type,open_time,close_time,break_time,total_time,remark) values ('00002','2020-03','12','日','0',null,null,null,null,null);
insert into detail_tbl(id,period,"date",week,type,open_time,close_time,break_time,total_time,remark) values ('00002','2020-03','13','月','0',null,null,null,null,null);
insert into detail_tbl(id,period,"date",week,type,open_time,close_time,break_time,total_time,remark) values ('00002','2020-03','14','火','0',null,null,null,null,null);
insert into detail_tbl(id,period,"date",week,type,open_time,close_time,break_time,total_time,remark) values ('00002','2020-03','15','水','0',null,null,null,null,null);
insert into detail_tbl(id,period,"date",week,type,open_time,close_time,break_time,total_time,remark) values ('00002','2020-03','16','木','0',null,null,null,null,null);
insert into detail_tbl(id,period,"date",week,type,open_time,close_time,break_time,total_time,remark) values ('00002','2020-03','17','金','0',null,null,null,null,null);
insert into detail_tbl(id,period,"date",week,type,open_time,close_time,break_time,total_time,remark) values ('00002','2020-03','18','土','0',null,null,null,null,null);
insert into detail_tbl(id,period,"date",week,type,open_time,close_time,break_time,total_time,remark) values ('00002','2020-03','19','日','0',null,null,null,null,null);
insert into detail_tbl(id,period,"date",week,type,open_time,close_time,break_time,total_time,remark) values ('00002','2020-03','20','月','0',null,null,null,null,null);
insert into detail_tbl(id,period,"date",week,type,open_time,close_time,break_time,total_time,remark) values ('00002','2020-03','21','火','0',null,null,null,null,null);
insert into detail_tbl(id,period,"date",week,type,open_time,close_time,break_time,total_time,remark) values ('00002','2020-03','22','水','0',null,null,null,null,null);
insert into detail_tbl(id,period,"date",week,type,open_time,close_time,break_time,total_time,remark) values ('00002','2020-03','23','木','0',null,null,null,null,null);
insert into detail_tbl(id,period,"date",week,type,open_time,close_time,break_time,total_time,remark) values ('00002','2020-03','24','金','0',null,null,null,null,null);
insert into detail_tbl(id,period,"date",week,type,open_time,close_time,break_time,total_time,remark) values ('00002','2020-03','25','土','0',null,null,null,null,null);
insert into detail_tbl(id,period,"date",week,type,open_time,close_time,break_time,total_time,remark) values ('00002','2020-03','26','日','0',null,null,null,null,null);
insert into detail_tbl(id,period,"date",week,type,open_time,close_time,break_time,total_time,remark) values ('00002','2020-03','27','月','0',null,null,null,null,null);
insert into detail_tbl(id,period,"date",week,type,open_time,close_time,break_time,total_time,remark) values ('00002','2020-03','28','火','0',null,null,null,null,null);
insert into detail_tbl(id,period,"date",week,type,open_time,close_time,break_time,total_time,remark) values ('00002','2020-03','29','水','0',null,null,null,null,null);
insert into detail_tbl(id,period,"date",week,type,open_time,close_time,break_time,total_time,remark) values ('00002','2020-03','30','木','0',null,null,null,null,null);
insert into detail_tbl(id,period,"date",week,type,open_time,close_time,break_time,total_time,remark) values ('00002','2020-04','1','金','0',null,null,null,null,null);
insert into detail_tbl(id,period,"date",week,type,open_time,close_time,break_time,total_time,remark) values ('00002','2020-04','2','土','0',null,null,null,null,null);
insert into detail_tbl(id,period,"date",week,type,open_time,close_time,break_time,total_time,remark) values ('00002','2020-04','3','日','0',null,null,null,null,null);
insert into detail_tbl(id,period,"date",week,type,open_time,close_time,break_time,total_time,remark) values ('00002','2020-04','4','月','0',null,null,null,null,null);
insert into detail_tbl(id,period,"date",week,type,open_time,close_time,break_time,total_time,remark) values ('00002','2020-04','5','火','0',null,null,null,null,null);
insert into detail_tbl(id,period,"date",week,type,open_time,close_time,break_time,total_time,remark) values ('00002','2020-04','6','水','0',null,null,null,null,null);
insert into detail_tbl(id,period,"date",week,type,open_time,close_time,break_time,total_time,remark) values ('00002','2020-04','7','木','0',null,null,null,null,null);
insert into detail_tbl(id,period,"date",week,type,open_time,close_time,break_time,total_time,remark) values ('00002','2020-04','8','金','0',null,null,null,null,null);
insert into detail_tbl(id,period,"date",week,type,open_time,close_time,break_time,total_time,remark) values ('00002','2020-04','9','土','0',null,null,null,null,null);
insert into detail_tbl(id,period,"date",week,type,open_time,close_time,break_time,total_time,remark) values ('00002','2020-04','10','日','0',null,null,null,null,null);
insert into detail_tbl(id,period,"date",week,type,open_time,close_time,break_time,total_time,remark) values ('00002','2020-04','11','月','0',null,null,null,null,null);
insert into detail_tbl(id,period,"date",week,type,open_time,close_time,break_time,total_time,remark) values ('00002','2020-04','12','火','0',null,null,null,null,null);
insert into detail_tbl(id,period,"date",week,type,open_time,close_time,break_time,total_time,remark) values ('00002','2020-04','13','水','0',null,null,null,null,null);
insert into detail_tbl(id,period,"date",week,type,open_time,close_time,break_time,total_time,remark) values ('00002','2020-04','14','木','0',null,null,null,null,null);
insert into detail_tbl(id,period,"date",week,type,open_time,close_time,break_time,total_time,remark) values ('00002','2020-04','15','金','0',null,null,null,null,null);
insert into detail_tbl(id,period,"date",week,type,open_time,close_time,break_time,total_time,remark) values ('00002','2020-04','16','土','0',null,null,null,null,null);
insert into detail_tbl(id,period,"date",week,type,open_time,close_time,break_time,total_time,remark) values ('00002','2020-04','17','日','0',null,null,null,null,null);
insert into detail_tbl(id,period,"date",week,type,open_time,close_time,break_time,total_time,remark) values ('00002','2020-04','18','月','0',null,null,null,null,null);
insert into detail_tbl(id,period,"date",week,type,open_time,close_time,break_time,total_time,remark) values ('00002','2020-04','19','火','0',null,null,null,null,null);
insert into detail_tbl(id,period,"date",week,type,open_time,close_time,break_time,total_time,remark) values ('00002','2020-04','20','水','0',null,null,null,null,null);
insert into detail_tbl(id,period,"date",week,type,open_time,close_time,break_time,total_time,remark) values ('00002','2020-04','21','木','0',null,null,null,null,null);
insert into detail_tbl(id,period,"date",week,type,open_time,close_time,break_time,total_time,remark) values ('00002','2020-04','22','金','0',null,null,null,null,null);
insert into detail_tbl(id,period,"date",week,type,open_time,close_time,break_time,total_time,remark) values ('00002','2020-04','23','土','0',null,null,null,null,null);
insert into detail_tbl(id,period,"date",week,type,open_time,close_time,break_time,total_time,remark) values ('00002','2020-04','24','日','0',null,null,null,null,null);
insert into detail_tbl(id,period,"date",week,type,open_time,close_time,break_time,total_time,remark) values ('00002','2020-04','25','月','0',null,null,null,null,null);
insert into detail_tbl(id,period,"date",week,type,open_time,close_time,break_time,total_time,remark) values ('00002','2020-04','26','火','0',null,null,null,null,null);
insert into detail_tbl(id,period,"date",week,type,open_time,close_time,break_time,total_time,remark) values ('00002','2020-04','27','水','0',null,null,null,null,null);
insert into detail_tbl(id,period,"date",week,type,open_time,close_time,break_time,total_time,remark) values ('00002','2020-04','28','木','0',null,null,null,null,null);
insert into detail_tbl(id,period,"date",week,type,open_time,close_time,break_time,total_time,remark) values ('00002','2020-04','29','金','0',null,null,null,null,null);
insert into detail_tbl(id,period,"date",week,type,open_time,close_time,break_time,total_time,remark) values ('00002','2020-04','30','土','0',null,null,null,null,null);
insert into detail_tbl(id,period,"date",week,type,open_time,close_time,break_time,total_time,remark) values ('00002','2020-04','31','日','0',null,null,null,null,null);
insert into detail_tbl(id,period,"date",week,type,open_time,close_time,break_time,total_time,remark) values ('00002','2020-05','1','月','0',null,null,null,null,null);
insert into detail_tbl(id,period,"date",week,type,open_time,close_time,break_time,total_time,remark) values ('00002','2020-05','2','火','0',null,null,null,null,null);
insert into detail_tbl(id,period,"date",week,type,open_time,close_time,break_time,total_time,remark) values ('00002','2020-05','3','水','0',null,null,null,null,null);
insert into detail_tbl(id,period,"date",week,type,open_time,close_time,break_time,total_time,remark) values ('00002','2020-05','4','木','0',null,null,null,null,null);
insert into detail_tbl(id,period,"date",week,type,open_time,close_time,break_time,total_time,remark) values ('00002','2020-05','5','金','0',null,null,null,null,null);
insert into detail_tbl(id,period,"date",week,type,open_time,close_time,break_time,total_time,remark) values ('00002','2020-05','6','土','0',null,null,null,null,null);
insert into detail_tbl(id,period,"date",week,type,open_time,close_time,break_time,total_time,remark) values ('00002','2020-05','7','日','0',null,null,null,null,null);
insert into detail_tbl(id,period,"date",week,type,open_time,close_time,break_time,total_time,remark) values ('00002','2020-05','8','月','0',null,null,null,null,null);
insert into detail_tbl(id,period,"date",week,type,open_time,close_time,break_time,total_time,remark) values ('00002','2020-05','9','火','0',null,null,null,null,null);
insert into detail_tbl(id,period,"date",week,type,open_time,close_time,break_time,total_time,remark) values ('00002','2020-05','10','水','0',null,null,null,null,null);
insert into detail_tbl(id,period,"date",week,type,open_time,close_time,break_time,total_time,remark) values ('00002','2020-05','11','木','0',null,null,null,null,null);
insert into detail_tbl(id,period,"date",week,type,open_time,close_time,break_time,total_time,remark) values ('00002','2020-05','12','金','0',null,null,null,null,null);
insert into detail_tbl(id,period,"date",week,type,open_time,close_time,break_time,total_time,remark) values ('00002','2020-05','13','土','0',null,null,null,null,null);
insert into detail_tbl(id,period,"date",week,type,open_time,close_time,break_time,total_time,remark) values ('00002','2020-05','14','日','0',null,null,null,null,null);
insert into detail_tbl(id,period,"date",week,type,open_time,close_time,break_time,total_time,remark) values ('00002','2020-05','15','月','0',null,null,null,null,null);
insert into detail_tbl(id,period,"date",week,type,open_time,close_time,break_time,total_time,remark) values ('00002','2020-05','16','火','0',null,null,null,null,null);
insert into detail_tbl(id,period,"date",week,type,open_time,close_time,break_time,total_time,remark) values ('00002','2020-05','17','水','0',null,null,null,null,null);
insert into detail_tbl(id,period,"date",week,type,open_time,close_time,break_time,total_time,remark) values ('00002','2020-05','18','木','0',null,null,null,null,null);
insert into detail_tbl(id,period,"date",week,type,open_time,close_time,break_time,total_time,remark) values ('00002','2020-05','19','金','0',null,null,null,null,null);
insert into detail_tbl(id,period,"date",week,type,open_time,close_time,break_time,total_time,remark) values ('00002','2020-05','20','土','0',null,null,null,null,null);
insert into detail_tbl(id,period,"date",week,type,open_time,close_time,break_time,total_time,remark) values ('00002','2020-05','21','日','0',null,null,null,null,null);
insert into detail_tbl(id,period,"date",week,type,open_time,close_time,break_time,total_time,remark) values ('00002','2020-05','22','月','0',null,null,null,null,null);
insert into detail_tbl(id,period,"date",week,type,open_time,close_time,break_time,total_time,remark) values ('00002','2020-05','23','火','0',null,null,null,null,null);
insert into detail_tbl(id,period,"date",week,type,open_time,close_time,break_time,total_time,remark) values ('00002','2020-05','24','水','0',null,null,null,null,null);
insert into detail_tbl(id,period,"date",week,type,open_time,close_time,break_time,total_time,remark) values ('00002','2020-05','25','木','0',null,null,null,null,null);
insert into detail_tbl(id,period,"date",week,type,open_time,close_time,break_time,total_time,remark) values ('00002','2020-05','26','金','0',null,null,null,null,null);
insert into detail_tbl(id,period,"date",week,type,open_time,close_time,break_time,total_time,remark) values ('00002','2020-05','27','土','0',null,null,null,null,null);
insert into detail_tbl(id,period,"date",week,type,open_time,close_time,break_time,total_time,remark) values ('00002','2020-05','28','日','0',null,null,null,null,null);
insert into detail_tbl(id,period,"date",week,type,open_time,close_time,break_time,total_time,remark) values ('00002','2020-05','29','月','0',null,null,null,null,null);
insert into detail_tbl(id,period,"date",week,type,open_time,close_time,break_time,total_time,remark) values ('00002','2020-05','30','火','0',null,null,null,null,null);
insert into detail_tbl(id,period,"date",week,type,open_time,close_time,break_time,total_time,remark) values ('00002','2020-06','1','水','0',null,null,null,null,null);
insert into detail_tbl(id,period,"date",week,type,open_time,close_time,break_time,total_time,remark) values ('00002','2020-06','2','木','0',null,null,null,null,null);
insert into detail_tbl(id,period,"date",week,type,open_time,close_time,break_time,total_time,remark) values ('00002','2020-06','3','金','0',null,null,null,null,null);
insert into detail_tbl(id,period,"date",week,type,open_time,close_time,break_time,total_time,remark) values ('00002','2020-06','4','土','0',null,null,null,null,null);
insert into detail_tbl(id,period,"date",week,type,open_time,close_time,break_time,total_time,remark) values ('00002','2020-06','5','日','0',null,null,null,null,null);
insert into detail_tbl(id,period,"date",week,type,open_time,close_time,break_time,total_time,remark) values ('00002','2020-06','6','月','0',null,null,null,null,null);
insert into detail_tbl(id,period,"date",week,type,open_time,close_time,break_time,total_time,remark) values ('00002','2020-06','7','火','0',null,null,null,null,null);
insert into detail_tbl(id,period,"date",week,type,open_time,close_time,break_time,total_time,remark) values ('00002','2020-06','8','水','0',null,null,null,null,null);
insert into detail_tbl(id,period,"date",week,type,open_time,close_time,break_time,total_time,remark) values ('00002','2020-06','9','木','0',null,null,null,null,null);
insert into detail_tbl(id,period,"date",week,type,open_time,close_time,break_time,total_time,remark) values ('00002','2020-06','10','金','0',null,null,null,null,null);
insert into detail_tbl(id,period,"date",week,type,open_time,close_time,break_time,total_time,remark) values ('00002','2020-06','11','土','0',null,null,null,null,null);
insert into detail_tbl(id,period,"date",week,type,open_time,close_time,break_time,total_time,remark) values ('00002','2020-06','12','日','0',null,null,null,null,null);
insert into detail_tbl(id,period,"date",week,type,open_time,close_time,break_time,total_time,remark) values ('00002','2020-06','13','月','0',null,null,null,null,null);
insert into detail_tbl(id,period,"date",week,type,open_time,close_time,break_time,total_time,remark) values ('00002','2020-06','14','火','0',null,null,null,null,null);
insert into detail_tbl(id,period,"date",week,type,open_time,close_time,break_time,total_time,remark) values ('00002','2020-06','15','水','0',null,null,null,null,null);
insert into detail_tbl(id,period,"date",week,type,open_time,close_time,break_time,total_time,remark) values ('00002','2020-06','16','木','0',null,null,null,null,null);
insert into detail_tbl(id,period,"date",week,type,open_time,close_time,break_time,total_time,remark) values ('00002','2020-06','17','金','0',null,null,null,null,null);
insert into detail_tbl(id,period,"date",week,type,open_time,close_time,break_time,total_time,remark) values ('00002','2020-06','18','土','0',null,null,null,null,null);
insert into detail_tbl(id,period,"date",week,type,open_time,close_time,break_time,total_time,remark) values ('00002','2020-06','19','日','0',null,null,null,null,null);
insert into detail_tbl(id,period,"date",week,type,open_time,close_time,break_time,total_time,remark) values ('00002','2020-06','20','月','0',null,null,null,null,null);
insert into detail_tbl(id,period,"date",week,type,open_time,close_time,break_time,total_time,remark) values ('00002','2020-06','21','火','0',null,null,null,null,null);
insert into detail_tbl(id,period,"date",week,type,open_time,close_time,break_time,total_time,remark) values ('00002','2020-06','22','水','0',null,null,null,null,null);
insert into detail_tbl(id,period,"date",week,type,open_time,close_time,break_time,total_time,remark) values ('00002','2020-06','23','木','0',null,null,null,null,null);
insert into detail_tbl(id,period,"date",week,type,open_time,close_time,break_time,total_time,remark) values ('00002','2020-06','24','金','0',null,null,null,null,null);
insert into detail_tbl(id,period,"date",week,type,open_time,close_time,break_time,total_time,remark) values ('00002','2020-06','25','土','0',null,null,null,null,null);
insert into detail_tbl(id,period,"date",week,type,open_time,close_time,break_time,total_time,remark) values ('00002','2020-06','26','日','0',null,null,null,null,null);
insert into detail_tbl(id,period,"date",week,type,open_time,close_time,break_time,total_time,remark) values ('00002','2020-06','27','月','0',null,null,null,null,null);
insert into detail_tbl(id,period,"date",week,type,open_time,close_time,break_time,total_time,remark) values ('00002','2020-06','28','火','0',null,null,null,null,null);
insert into detail_tbl(id,period,"date",week,type,open_time,close_time,break_time,total_time,remark) values ('00002','2020-06','29','水','0',null,null,null,null,null);
insert into detail_tbl(id,period,"date",week,type,open_time,close_time,break_time,total_time,remark) values ('00002','2020-06','30','木','0',null,null,null,null,null);
insert into detail_tbl(id,period,"date",week,type,open_time,close_time,break_time,total_time,remark) values ('00002','2020-06','31','金','0',null,null,null,null,null);
insert into detail_tbl(id,period,"date",week,type,open_time,close_time,break_time,total_time,remark) values ('00002','2020-07','1','土','0',null,null,null,null,null);
insert into detail_tbl(id,period,"date",week,type,open_time,close_time,break_time,total_time,remark) values ('00002','2020-07','2','日','0',null,null,null,null,null);
insert into detail_tbl(id,period,"date",week,type,open_time,close_time,break_time,total_time,remark) values ('00002','2020-07','3','月','0',null,null,null,null,null);
insert into detail_tbl(id,period,"date",week,type,open_time,close_time,break_time,total_time,remark) values ('00002','2020-07','4','火','0',null,null,null,null,null);
insert into detail_tbl(id,period,"date",week,type,open_time,close_time,break_time,total_time,remark) values ('00002','2020-07','5','水','0',null,null,null,null,null);
insert into detail_tbl(id,period,"date",week,type,open_time,close_time,break_time,total_time,remark) values ('00002','2020-07','6','木','0',null,null,null,null,null);
insert into detail_tbl(id,period,"date",week,type,open_time,close_time,break_time,total_time,remark) values ('00002','2020-07','7','金','0',null,null,null,null,null);
insert into detail_tbl(id,period,"date",week,type,open_time,close_time,break_time,total_time,remark) values ('00002','2020-07','8','土','0',null,null,null,null,null);
insert into detail_tbl(id,period,"date",week,type,open_time,close_time,break_time,total_time,remark) values ('00002','2020-07','9','日','0',null,null,null,null,null);
insert into detail_tbl(id,period,"date",week,type,open_time,close_time,break_time,total_time,remark) values ('00002','2020-07','10','月','0',null,null,null,null,null);
insert into detail_tbl(id,period,"date",week,type,open_time,close_time,break_time,total_time,remark) values ('00002','2020-07','11','火','0',null,null,null,null,null);
insert into detail_tbl(id,period,"date",week,type,open_time,close_time,break_time,total_time,remark) values ('00002','2020-07','12','水','0',null,null,null,null,null);
insert into detail_tbl(id,period,"date",week,type,open_time,close_time,break_time,total_time,remark) values ('00002','2020-07','13','木','0',null,null,null,null,null);
insert into detail_tbl(id,period,"date",week,type,open_time,close_time,break_time,total_time,remark) values ('00002','2020-07','14','金','0',null,null,null,null,null);
insert into detail_tbl(id,period,"date",week,type,open_time,close_time,break_time,total_time,remark) values ('00002','2020-07','15','土','0',null,null,null,null,null);
insert into detail_tbl(id,period,"date",week,type,open_time,close_time,break_time,total_time,remark) values ('00002','2020-07','16','日','0',null,null,null,null,null);
insert into detail_tbl(id,period,"date",week,type,open_time,close_time,break_time,total_time,remark) values ('00002','2020-07','17','月','0',null,null,null,null,null);
insert into detail_tbl(id,period,"date",week,type,open_time,close_time,break_time,total_time,remark) values ('00002','2020-07','18','火','0',null,null,null,null,null);
insert into detail_tbl(id,period,"date",week,type,open_time,close_time,break_time,total_time,remark) values ('00002','2020-07','19','水','0',null,null,null,null,null);
insert into detail_tbl(id,period,"date",week,type,open_time,close_time,break_time,total_time,remark) values ('00002','2020-07','20','木','0',null,null,null,null,null);
insert into detail_tbl(id,period,"date",week,type,open_time,close_time,break_time,total_time,remark) values ('00002','2020-07','21','金','0',null,null,null,null,null);
insert into detail_tbl(id,period,"date",week,type,open_time,close_time,break_time,total_time,remark) values ('00002','2020-07','22','土','0',null,null,null,null,null);
insert into detail_tbl(id,period,"date",week,type,open_time,close_time,break_time,total_time,remark) values ('00002','2020-07','23','日','0',null,null,null,null,null);
insert into detail_tbl(id,period,"date",week,type,open_time,close_time,break_time,total_time,remark) values ('00002','2020-07','24','月','0',null,null,null,null,null);
insert into detail_tbl(id,period,"date",week,type,open_time,close_time,break_time,total_time,remark) values ('00002','2020-07','25','火','0',null,null,null,null,null);
insert into detail_tbl(id,period,"date",week,type,open_time,close_time,break_time,total_time,remark) values ('00002','2020-07','26','水','0',null,null,null,null,null);
insert into detail_tbl(id,period,"date",week,type,open_time,close_time,break_time,total_time,remark) values ('00002','2020-07','27','木','0',null,null,null,null,null);
insert into detail_tbl(id,period,"date",week,type,open_time,close_time,break_time,total_time,remark) values ('00002','2020-07','28','金','0',null,null,null,null,null);
insert into detail_tbl(id,period,"date",week,type,open_time,close_time,break_time,total_time,remark) values ('00002','2020-07','29','土','0',null,null,null,null,null);
insert into detail_tbl(id,period,"date",week,type,open_time,close_time,break_time,total_time,remark) values ('00002','2020-07','30','日','0',null,null,null,null,null);
insert into detail_tbl(id,period,"date",week,type,open_time,close_time,break_time,total_time,remark) values ('00002','2020-07','31','月','0',null,null,null,null,null);
insert into detail_tbl(id,period,"date",week,type,open_time,close_time,break_time,total_time,remark) values ('00002','2020-08','1','火','0',null,null,null,null,null);
insert into detail_tbl(id,period,"date",week,type,open_time,close_time,break_time,total_time,remark) values ('00002','2020-08','2','水','0',null,null,null,null,null);
insert into detail_tbl(id,period,"date",week,type,open_time,close_time,break_time,total_time,remark) values ('00002','2020-08','3','木','0',null,null,null,null,null);
insert into detail_tbl(id,period,"date",week,type,open_time,close_time,break_time,total_time,remark) values ('00002','2020-08','4','金','0',null,null,null,null,null);
insert into detail_tbl(id,period,"date",week,type,open_time,close_time,break_time,total_time,remark) values ('00002','2020-08','5','土','0',null,null,null,null,null);
insert into detail_tbl(id,period,"date",week,type,open_time,close_time,break_time,total_time,remark) values ('00002','2020-08','6','日','0',null,null,null,null,null);
insert into detail_tbl(id,period,"date",week,type,open_time,close_time,break_time,total_time,remark) values ('00002','2020-08','7','月','0',null,null,null,null,null);
insert into detail_tbl(id,period,"date",week,type,open_time,close_time,break_time,total_time,remark) values ('00002','2020-08','8','火','0',null,null,null,null,null);
insert into detail_tbl(id,period,"date",week,type,open_time,close_time,break_time,total_time,remark) values ('00002','2020-08','9','水','0',null,null,null,null,null);
insert into detail_tbl(id,period,"date",week,type,open_time,close_time,break_time,total_time,remark) values ('00002','2020-08','10','木','0',null,null,null,null,null);
insert into detail_tbl(id,period,"date",week,type,open_time,close_time,break_time,total_time,remark) values ('00002','2020-08','11','金','0',null,null,null,null,null);
insert into detail_tbl(id,period,"date",week,type,open_time,close_time,break_time,total_time,remark) values ('00002','2020-08','12','土','0',null,null,null,null,null);
insert into detail_tbl(id,period,"date",week,type,open_time,close_time,break_time,total_time,remark) values ('00002','2020-08','13','日','0',null,null,null,null,null);
insert into detail_tbl(id,period,"date",week,type,open_time,close_time,break_time,total_time,remark) values ('00002','2020-08','14','月','0',null,null,null,null,null);
insert into detail_tbl(id,period,"date",week,type,open_time,close_time,break_time,total_time,remark) values ('00002','2020-08','15','火','0',null,null,null,null,null);
insert into detail_tbl(id,period,"date",week,type,open_time,close_time,break_time,total_time,remark) values ('00002','2020-08','16','水','0',null,null,null,null,null);
insert into detail_tbl(id,period,"date",week,type,open_time,close_time,break_time,total_time,remark) values ('00002','2020-08','17','木','0',null,null,null,null,null);
insert into detail_tbl(id,period,"date",week,type,open_time,close_time,break_time,total_time,remark) values ('00002','2020-08','18','金','0',null,null,null,null,null);
insert into detail_tbl(id,period,"date",week,type,open_time,close_time,break_time,total_time,remark) values ('00002','2020-08','19','土','0',null,null,null,null,null);
insert into detail_tbl(id,period,"date",week,type,open_time,close_time,break_time,total_time,remark) values ('00002','2020-08','20','日','0',null,null,null,null,null);
insert into detail_tbl(id,period,"date",week,type,open_time,close_time,break_time,total_time,remark) values ('00002','2020-08','21','月','0',null,null,null,null,null);
insert into detail_tbl(id,period,"date",week,type,open_time,close_time,break_time,total_time,remark) values ('00002','2020-08','22','火','0',null,null,null,null,null);
insert into detail_tbl(id,period,"date",week,type,open_time,close_time,break_time,total_time,remark) values ('00002','2020-08','23','水','0',null,null,null,null,null);
insert into detail_tbl(id,period,"date",week,type,open_time,close_time,break_time,total_time,remark) values ('00002','2020-08','24','木','0',null,null,null,null,null);
insert into detail_tbl(id,period,"date",week,type,open_time,close_time,break_time,total_time,remark) values ('00002','2020-08','25','金','0',null,null,null,null,null);
insert into detail_tbl(id,period,"date",week,type,open_time,close_time,break_time,total_time,remark) values ('00002','2020-08','26','土','0',null,null,null,null,null);
insert into detail_tbl(id,period,"date",week,type,open_time,close_time,break_time,total_time,remark) values ('00002','2020-08','27','日','0',null,null,null,null,null);
insert into detail_tbl(id,period,"date",week,type,open_time,close_time,break_time,total_time,remark) values ('00002','2020-08','28','月','0',null,null,null,null,null);
insert into detail_tbl(id,period,"date",week,type,open_time,close_time,break_time,total_time,remark) values ('00002','2020-08','29','火','0',null,null,null,null,null);
insert into detail_tbl(id,period,"date",week,type,open_time,close_time,break_time,total_time,remark) values ('00002','2020-08','30','水','0',null,null,null,null,null);
insert into detail_tbl(id,period,"date",week,type,open_time,close_time,break_time,total_time,remark) values ('00002','2020-09','1','木','0',null,null,null,null,null);
insert into detail_tbl(id,period,"date",week,type,open_time,close_time,break_time,total_time,remark) values ('00002','2020-09','2','金','0',null,null,null,null,null);
insert into detail_tbl(id,period,"date",week,type,open_time,close_time,break_time,total_time,remark) values ('00002','2020-09','3','土','0',null,null,null,null,null);
insert into detail_tbl(id,period,"date",week,type,open_time,close_time,break_time,total_time,remark) values ('00002','2020-09','4','日','0',null,null,null,null,null);
insert into detail_tbl(id,period,"date",week,type,open_time,close_time,break_time,total_time,remark) values ('00002','2020-09','5','月','0',null,null,null,null,null);
insert into detail_tbl(id,period,"date",week,type,open_time,close_time,break_time,total_time,remark) values ('00002','2020-09','6','火','0',null,null,null,null,null);
insert into detail_tbl(id,period,"date",week,type,open_time,close_time,break_time,total_time,remark) values ('00002','2020-09','7','水','0',null,null,null,null,null);
insert into detail_tbl(id,period,"date",week,type,open_time,close_time,break_time,total_time,remark) values ('00002','2020-09','8','木','0',null,null,null,null,null);
insert into detail_tbl(id,period,"date",week,type,open_time,close_time,break_time,total_time,remark) values ('00002','2020-09','9','金','0',null,null,null,null,null);
insert into detail_tbl(id,period,"date",week,type,open_time,close_time,break_time,total_time,remark) values ('00002','2020-09','10','土','0',null,null,null,null,null);
insert into detail_tbl(id,period,"date",week,type,open_time,close_time,break_time,total_time,remark) values ('00002','2020-09','11','日','0',null,null,null,null,null);
insert into detail_tbl(id,period,"date",week,type,open_time,close_time,break_time,total_time,remark) values ('00002','2020-09','12','月','0',null,null,null,null,null);
insert into detail_tbl(id,period,"date",week,type,open_time,close_time,break_time,total_time,remark) values ('00002','2020-09','13','火','0',null,null,null,null,null);
insert into detail_tbl(id,period,"date",week,type,open_time,close_time,break_time,total_time,remark) values ('00002','2020-09','14','水','0',null,null,null,null,null);
insert into detail_tbl(id,period,"date",week,type,open_time,close_time,break_time,total_time,remark) values ('00002','2020-09','15','木','0',null,null,null,null,null);
insert into detail_tbl(id,period,"date",week,type,open_time,close_time,break_time,total_time,remark) values ('00002','2020-09','16','金','0',null,null,null,null,null);
insert into detail_tbl(id,period,"date",week,type,open_time,close_time,break_time,total_time,remark) values ('00002','2020-09','17','土','0',null,null,null,null,null);
insert into detail_tbl(id,period,"date",week,type,open_time,close_time,break_time,total_time,remark) values ('00002','2020-09','18','日','0',null,null,null,null,null);
insert into detail_tbl(id,period,"date",week,type,open_time,close_time,break_time,total_time,remark) values ('00002','2020-09','19','月','0',null,null,null,null,null);
insert into detail_tbl(id,period,"date",week,type,open_time,close_time,break_time,total_time,remark) values ('00002','2020-09','20','火','0',null,null,null,null,null);
insert into detail_tbl(id,period,"date",week,type,open_time,close_time,break_time,total_time,remark) values ('00002','2020-09','21','水','0',null,null,null,null,null);
insert into detail_tbl(id,period,"date",week,type,open_time,close_time,break_time,total_time,remark) values ('00002','2020-09','22','木','0',null,null,null,null,null);
insert into detail_tbl(id,period,"date",week,type,open_time,close_time,break_time,total_time,remark) values ('00002','2020-09','23','金','0',null,null,null,null,null);
insert into detail_tbl(id,period,"date",week,type,open_time,close_time,break_time,total_time,remark) values ('00002','2020-09','24','土','0',null,null,null,null,null);
insert into detail_tbl(id,period,"date",week,type,open_time,close_time,break_time,total_time,remark) values ('00002','2020-09','25','日','0',null,null,null,null,null);
insert into detail_tbl(id,period,"date",week,type,open_time,close_time,break_time,total_time,remark) values ('00002','2020-09','26','月','0',null,null,null,null,null);
insert into detail_tbl(id,period,"date",week,type,open_time,close_time,break_time,total_time,remark) values ('00002','2020-09','27','火','0',null,null,null,null,null);
insert into detail_tbl(id,period,"date",week,type,open_time,close_time,break_time,total_time,remark) values ('00002','2020-09','28','水','0',null,null,null,null,null);
insert into detail_tbl(id,period,"date",week,type,open_time,close_time,break_time,total_time,remark) values ('00002','2020-09','29','木','0',null,null,null,null,null);
insert into detail_tbl(id,period,"date",week,type,open_time,close_time,break_time,total_time,remark) values ('00002','2020-09','30','金','0',null,null,null,null,null);
insert into detail_tbl(id,period,"date",week,type,open_time,close_time,break_time,total_time,remark) values ('00002','2020-09','31','土','0',null,null,null,null,null);
insert into detail_tbl(id,period,"date",week,type,open_time,close_time,break_time,total_time,remark) values ('00002','2020-11','1','火','0',null,null,null,null,null);
insert into detail_tbl(id,period,"date",week,type,open_time,close_time,break_time,total_time,remark) values ('00002','2020-11','2','水','0',null,null,null,null,null);
insert into detail_tbl(id,period,"date",week,type,open_time,close_time,break_time,total_time,remark) values ('00002','2020-11','3','木','0',null,null,null,null,null);
insert into detail_tbl(id,period,"date",week,type,open_time,close_time,break_time,total_time,remark) values ('00002','2020-11','4','金','0',null,null,null,null,null);
insert into detail_tbl(id,period,"date",week,type,open_time,close_time,break_time,total_time,remark) values ('00002','2020-11','5','土','0',null,null,null,null,null);
insert into detail_tbl(id,period,"date",week,type,open_time,close_time,break_time,total_time,remark) values ('00002','2020-11','6','日','0',null,null,null,null,null);
insert into detail_tbl(id,period,"date",week,type,open_time,close_time,break_time,total_time,remark) values ('00002','2020-11','7','月','0',null,null,null,null,null);
insert into detail_tbl(id,period,"date",week,type,open_time,close_time,break_time,total_time,remark) values ('00002','2020-11','8','火','0',null,null,null,null,null);
insert into detail_tbl(id,period,"date",week,type,open_time,close_time,break_time,total_time,remark) values ('00002','2020-11','9','水','0',null,null,null,null,null);
insert into detail_tbl(id,period,"date",week,type,open_time,close_time,break_time,total_time,remark) values ('00002','2020-11','10','木','0',null,null,null,null,null);
insert into detail_tbl(id,period,"date",week,type,open_time,close_time,break_time,total_time,remark) values ('00002','2020-11','11','金','0',null,null,null,null,null);
insert into detail_tbl(id,period,"date",week,type,open_time,close_time,break_time,total_time,remark) values ('00002','2020-11','12','土','0',null,null,null,null,null);
insert into detail_tbl(id,period,"date",week,type,open_time,close_time,break_time,total_time,remark) values ('00002','2020-11','13','日','0',null,null,null,null,null);
insert into detail_tbl(id,period,"date",week,type,open_time,close_time,break_time,total_time,remark) values ('00002','2020-11','14','月','0',null,null,null,null,null);
insert into detail_tbl(id,period,"date",week,type,open_time,close_time,break_time,total_time,remark) values ('00002','2020-11','15','火','0',null,null,null,null,null);
insert into detail_tbl(id,period,"date",week,type,open_time,close_time,break_time,total_time,remark) values ('00002','2020-11','16','水','0',null,null,null,null,null);
insert into detail_tbl(id,period,"date",week,type,open_time,close_time,break_time,total_time,remark) values ('00002','2020-11','17','木','0',null,null,null,null,null);
insert into detail_tbl(id,period,"date",week,type,open_time,close_time,break_time,total_time,remark) values ('00002','2020-11','18','金','0',null,null,null,null,null);
insert into detail_tbl(id,period,"date",week,type,open_time,close_time,break_time,total_time,remark) values ('00002','2020-11','19','土','0',null,null,null,null,null);
insert into detail_tbl(id,period,"date",week,type,open_time,close_time,break_time,total_time,remark) values ('00002','2020-11','20','日','0',null,null,null,null,null);
insert into detail_tbl(id,period,"date",week,type,open_time,close_time,break_time,total_time,remark) values ('00002','2020-11','21','月','0',null,null,null,null,null);
insert into detail_tbl(id,period,"date",week,type,open_time,close_time,break_time,total_time,remark) values ('00002','2020-11','22','火','0',null,null,null,null,null);
insert into detail_tbl(id,period,"date",week,type,open_time,close_time,break_time,total_time,remark) values ('00002','2020-11','23','水','0',null,null,null,null,null);
insert into detail_tbl(id,period,"date",week,type,open_time,close_time,break_time,total_time,remark) values ('00002','2020-11','24','木','0',null,null,null,null,null);
insert into detail_tbl(id,period,"date",week,type,open_time,close_time,break_time,total_time,remark) values ('00002','2020-11','25','金','0',null,null,null,null,null);
insert into detail_tbl(id,period,"date",week,type,open_time,close_time,break_time,total_time,remark) values ('00002','2020-11','26','土','0',null,null,null,null,null);
insert into detail_tbl(id,period,"date",week,type,open_time,close_time,break_time,total_time,remark) values ('00002','2020-11','27','日','0',null,null,null,null,null);
insert into detail_tbl(id,period,"date",week,type,open_time,close_time,break_time,total_time,remark) values ('00002','2020-11','28','月','0',null,null,null,null,null);
insert into detail_tbl(id,period,"date",week,type,open_time,close_time,break_time,total_time,remark) values ('00002','2020-11','29','火','0',null,null,null,null,null);
insert into detail_tbl(id,period,"date",week,type,open_time,close_time,break_time,total_time,remark) values ('00002','2020-11','30','水','0',null,null,null,null,null);
insert into detail_tbl(id,period,"date",week,type,open_time,close_time,break_time,total_time,remark) values ('00002','2020-11','31','木','0',null,null,null,null,null);
insert into detail_tbl(id,period,"date",week,type,open_time,close_time,break_time,total_time,remark) values ('00002','2020-12','1','金','0',null,null,null,null,null);
insert into detail_tbl(id,period,"date",week,type,open_time,close_time,break_time,total_time,remark) values ('00002','2020-12','2','土','0',null,null,null,null,null);
insert into detail_tbl(id,period,"date",week,type,open_time,close_time,break_time,total_time,remark) values ('00002','2020-12','3','日','0',null,null,null,null,null);
insert into detail_tbl(id,period,"date",week,type,open_time,close_time,break_time,total_time,remark) values ('00002','2020-12','4','月','0',null,null,null,null,null);
insert into detail_tbl(id,period,"date",week,type,open_time,close_time,break_time,total_time,remark) values ('00002','2020-12','5','火','0',null,null,null,null,null);
insert into detail_tbl(id,period,"date",week,type,open_time,close_time,break_time,total_time,remark) values ('00002','2020-12','6','水','0',null,null,null,null,null);
insert into detail_tbl(id,period,"date",week,type,open_time,close_time,break_time,total_time,remark) values ('00002','2020-12','7','木','0',null,null,null,null,null);
insert into detail_tbl(id,period,"date",week,type,open_time,close_time,break_time,total_time,remark) values ('00002','2020-12','8','金','0',null,null,null,null,null);
insert into detail_tbl(id,period,"date",week,type,open_time,close_time,break_time,total_time,remark) values ('00002','2020-12','9','土','0',null,null,null,null,null);
insert into detail_tbl(id,period,"date",week,type,open_time,close_time,break_time,total_time,remark) values ('00002','2020-12','10','日','0',null,null,null,null,null);
insert into detail_tbl(id,period,"date",week,type,open_time,close_time,break_time,total_time,remark) values ('00002','2020-12','11','月','0',null,null,null,null,null);
insert into detail_tbl(id,period,"date",week,type,open_time,close_time,break_time,total_time,remark) values ('00002','2020-12','12','火','0',null,null,null,null,null);
insert into detail_tbl(id,period,"date",week,type,open_time,close_time,break_time,total_time,remark) values ('00002','2020-12','13','水','0',null,null,null,null,null);
insert into detail_tbl(id,period,"date",week,type,open_time,close_time,break_time,total_time,remark) values ('00002','2020-12','14','木','0',null,null,null,null,null);
insert into detail_tbl(id,period,"date",week,type,open_time,close_time,break_time,total_time,remark) values ('00002','2020-12','15','金','0',null,null,null,null,null);
insert into detail_tbl(id,period,"date",week,type,open_time,close_time,break_time,total_time,remark) values ('00002','2020-12','16','土','0',null,null,null,null,null);
insert into detail_tbl(id,period,"date",week,type,open_time,close_time,break_time,total_time,remark) values ('00002','2020-12','17','日','0',null,null,null,null,null);
insert into detail_tbl(id,period,"date",week,type,open_time,close_time,break_time,total_time,remark) values ('00002','2020-12','18','月','0',null,null,null,null,null);
insert into detail_tbl(id,period,"date",week,type,open_time,close_time,break_time,total_time,remark) values ('00002','2020-12','19','火','0',null,null,null,null,null);
insert into detail_tbl(id,period,"date",week,type,open_time,close_time,break_time,total_time,remark) values ('00002','2020-12','20','水','0',null,null,null,null,null);
insert into detail_tbl(id,period,"date",week,type,open_time,close_time,break_time,total_time,remark) values ('00002','2020-12','21','木','0',null,null,null,null,null);
insert into detail_tbl(id,period,"date",week,type,open_time,close_time,break_time,total_time,remark) values ('00002','2020-12','22','金','0',null,null,null,null,null);
insert into detail_tbl(id,period,"date",week,type,open_time,close_time,break_time,total_time,remark) values ('00002','2020-12','23','土','0',null,null,null,null,null);
insert into detail_tbl(id,period,"date",week,type,open_time,close_time,break_time,total_time,remark) values ('00002','2020-12','24','日','0',null,null,null,null,null);
insert into detail_tbl(id,period,"date",week,type,open_time,close_time,break_time,total_time,remark) values ('00002','2020-12','25','月','0',null,null,null,null,null);
insert into detail_tbl(id,period,"date",week,type,open_time,close_time,break_time,total_time,remark) values ('00002','2020-12','26','火','0',null,null,null,null,null);
insert into detail_tbl(id,period,"date",week,type,open_time,close_time,break_time,total_time,remark) values ('00002','2020-12','27','水','0',null,null,null,null,null);
insert into detail_tbl(id,period,"date",week,type,open_time,close_time,break_time,total_time,remark) values ('00002','2020-12','28','木','0',null,null,null,null,null);
insert into detail_tbl(id,period,"date",week,type,open_time,close_time,break_time,total_time,remark) values ('00002','2020-12','29','金','0',null,null,null,null,null);
insert into detail_tbl(id,period,"date",week,type,open_time,close_time,break_time,total_time,remark) values ('00002','2020-12','30','土','0',null,null,null,null,null);
insert into detail_tbl(id,period,"date",week,type,open_time,close_time,break_time,total_time,remark) values ('00002','2020-12','31','日','0',null,null,null,null,null);
insert into detail_tbl(id,period,"date",week,type,open_time,close_time,break_time,total_time,remark) values ('00001','2020-02','1','日','0',null,null,null,null,null);
insert into detail_tbl(id,period,"date",week,type,open_time,close_time,break_time,total_time,remark) values ('00001','2020-02','2','月','0',null,null,null,null,null);
insert into detail_tbl(id,period,"date",week,type,open_time,close_time,break_time,total_time,remark) values ('00001','2020-02','3','火','0',null,null,null,null,null);
insert into detail_tbl(id,period,"date",week,type,open_time,close_time,break_time,total_time,remark) values ('00001','2020-02','4','水','0',null,null,null,null,null);
insert into detail_tbl(id,period,"date",week,type,open_time,close_time,break_time,total_time,remark) values ('00001','2020-02','5','木','0',null,null,null,null,null);
insert into detail_tbl(id,period,"date",week,type,open_time,close_time,break_time,total_time,remark) values ('00001','2020-02','6','金','0',null,null,null,null,null);
insert into detail_tbl(id,period,"date",week,type,open_time,close_time,break_time,total_time,remark) values ('00001','2020-02','7','土','0',null,null,null,null,null);
insert into detail_tbl(id,period,"date",week,type,open_time,close_time,break_time,total_time,remark) values ('00001','2020-02','8','日','0',null,null,null,null,null);
insert into detail_tbl(id,period,"date",week,type,open_time,close_time,break_time,total_time,remark) values ('00001','2020-02','9','月','0',null,null,null,null,null);
insert into detail_tbl(id,period,"date",week,type,open_time,close_time,break_time,total_time,remark) values ('00001','2020-02','10','火','0',null,null,null,null,null);
insert into detail_tbl(id,period,"date",week,type,open_time,close_time,break_time,total_time,remark) values ('00001','2020-02','11','水','0',null,null,null,null,null);
insert into detail_tbl(id,period,"date",week,type,open_time,close_time,break_time,total_time,remark) values ('00001','2020-02','12','木','0',null,null,null,null,null);
insert into detail_tbl(id,period,"date",week,type,open_time,close_time,break_time,total_time,remark) values ('00001','2020-02','13','金','0',null,null,null,null,null);
insert into detail_tbl(id,period,"date",week,type,open_time,close_time,break_time,total_time,remark) values ('00001','2020-02','14','土','0',null,null,null,null,null);
insert into detail_tbl(id,period,"date",week,type,open_time,close_time,break_time,total_time,remark) values ('00001','2020-02','15','日','0',null,null,null,null,null);
insert into detail_tbl(id,period,"date",week,type,open_time,close_time,break_time,total_time,remark) values ('00001','2020-02','16','月','0',null,null,null,null,null);
insert into detail_tbl(id,period,"date",week,type,open_time,close_time,break_time,total_time,remark) values ('00001','2020-02','17','火','0',null,null,null,null,null);
insert into detail_tbl(id,period,"date",week,type,open_time,close_time,break_time,total_time,remark) values ('00001','2020-02','18','水','0',null,null,null,null,null);
insert into detail_tbl(id,period,"date",week,type,open_time,close_time,break_time,total_time,remark) values ('00001','2020-02','19','木','0',null,null,null,null,null);
insert into detail_tbl(id,period,"date",week,type,open_time,close_time,break_time,total_time,remark) values ('00001','2020-02','20','金','0',null,null,null,null,null);
insert into detail_tbl(id,period,"date",week,type,open_time,close_time,break_time,total_time,remark) values ('00001','2020-02','21','土','0',null,null,null,null,null);
insert into detail_tbl(id,period,"date",week,type,open_time,close_time,break_time,total_time,remark) values ('00001','2020-02','22','日','0',null,null,null,null,null);
insert into detail_tbl(id,period,"date",week,type,open_time,close_time,break_time,total_time,remark) values ('00001','2020-02','23','月','0',null,null,null,null,null);
insert into detail_tbl(id,period,"date",week,type,open_time,close_time,break_time,total_time,remark) values ('00001','2020-02','24','火','0',null,null,null,null,null);
insert into detail_tbl(id,period,"date",week,type,open_time,close_time,break_time,total_time,remark) values ('00001','2020-02','25','水','0',null,null,null,null,null);
insert into detail_tbl(id,period,"date",week,type,open_time,close_time,break_time,total_time,remark) values ('00001','2020-02','26','木','0',null,null,null,null,null);
insert into detail_tbl(id,period,"date",week,type,open_time,close_time,break_time,total_time,remark) values ('00001','2020-02','27','金','0',null,null,null,null,null);
insert into detail_tbl(id,period,"date",week,type,open_time,close_time,break_time,total_time,remark) values ('00001','2020-02','28','土','0',null,null,null,null,null);
insert into detail_tbl(id,period,"date",week,type,open_time,close_time,break_time,total_time,remark) values ('00001','2020-02','29','日','0',null,null,null,null,null);
insert into detail_tbl(id,period,"date",week,type,open_time,close_time,break_time,total_time,remark) values ('00001','2020-02','30','月','0',null,null,null,null,null);
insert into detail_tbl(id,period,"date",week,type,open_time,close_time,break_time,total_time,remark) values ('00001','2020-02','31','火','0',null,null,null,null,null);
insert into detail_tbl(id,period,"date",week,type,open_time,close_time,break_time,total_time,remark) values ('00001','2020-03','1','水','0',null,null,null,null,null);
insert into detail_tbl(id,period,"date",week,type,open_time,close_time,break_time,total_time,remark) values ('00001','2020-03','2','木','0',null,null,null,null,null);
insert into detail_tbl(id,period,"date",week,type,open_time,close_time,break_time,total_time,remark) values ('00001','2020-03','3','金','0',null,null,null,null,null);
insert into detail_tbl(id,period,"date",week,type,open_time,close_time,break_time,total_time,remark) values ('00001','2020-03','4','土','0',null,null,null,null,null);
insert into detail_tbl(id,period,"date",week,type,open_time,close_time,break_time,total_time,remark) values ('00001','2020-03','5','日','0',null,null,null,null,null);
insert into detail_tbl(id,period,"date",week,type,open_time,close_time,break_time,total_time,remark) values ('00001','2020-03','6','月','0',null,null,null,null,null);
insert into detail_tbl(id,period,"date",week,type,open_time,close_time,break_time,total_time,remark) values ('00001','2020-03','7','火','0',null,null,null,null,null);
insert into detail_tbl(id,period,"date",week,type,open_time,close_time,break_time,total_time,remark) values ('00001','2020-03','8','水','0',null,null,null,null,null);
insert into detail_tbl(id,period,"date",week,type,open_time,close_time,break_time,total_time,remark) values ('00001','2020-03','9','木','0',null,null,null,null,null);
insert into detail_tbl(id,period,"date",week,type,open_time,close_time,break_time,total_time,remark) values ('00001','2020-03','10','金','0',null,null,null,null,null);
insert into detail_tbl(id,period,"date",week,type,open_time,close_time,break_time,total_time,remark) values ('00001','2020-03','11','土','0',null,null,null,null,null);
insert into detail_tbl(id,period,"date",week,type,open_time,close_time,break_time,total_time,remark) values ('00001','2020-03','12','日','0',null,null,null,null,null);
insert into detail_tbl(id,period,"date",week,type,open_time,close_time,break_time,total_time,remark) values ('00001','2020-03','13','月','0',null,null,null,null,null);
insert into detail_tbl(id,period,"date",week,type,open_time,close_time,break_time,total_time,remark) values ('00001','2020-03','14','火','0',null,null,null,null,null);
insert into detail_tbl(id,period,"date",week,type,open_time,close_time,break_time,total_time,remark) values ('00001','2020-03','15','水','0',null,null,null,null,null);
insert into detail_tbl(id,period,"date",week,type,open_time,close_time,break_time,total_time,remark) values ('00001','2020-03','16','木','0',null,null,null,null,null);
insert into detail_tbl(id,period,"date",week,type,open_time,close_time,break_time,total_time,remark) values ('00001','2020-03','17','金','0',null,null,null,null,null);
insert into detail_tbl(id,period,"date",week,type,open_time,close_time,break_time,total_time,remark) values ('00001','2020-03','18','土','0',null,null,null,null,null);
insert into detail_tbl(id,period,"date",week,type,open_time,close_time,break_time,total_time,remark) values ('00001','2020-03','19','日','0',null,null,null,null,null);
insert into detail_tbl(id,period,"date",week,type,open_time,close_time,break_time,total_time,remark) values ('00001','2020-03','20','月','0',null,null,null,null,null);
insert into detail_tbl(id,period,"date",week,type,open_time,close_time,break_time,total_time,remark) values ('00001','2020-03','21','火','0',null,null,null,null,null);
insert into detail_tbl(id,period,"date",week,type,open_time,close_time,break_time,total_time,remark) values ('00001','2020-03','22','水','0',null,null,null,null,null);
insert into detail_tbl(id,period,"date",week,type,open_time,close_time,break_time,total_time,remark) values ('00001','2020-03','23','木','0',null,null,null,null,null);
insert into detail_tbl(id,period,"date",week,type,open_time,close_time,break_time,total_time,remark) values ('00001','2020-03','24','金','0',null,null,null,null,null);
insert into detail_tbl(id,period,"date",week,type,open_time,close_time,break_time,total_time,remark) values ('00001','2020-03','25','土','0',null,null,null,null,null);
insert into detail_tbl(id,period,"date",week,type,open_time,close_time,break_time,total_time,remark) values ('00001','2020-03','26','日','0',null,null,null,null,null);
insert into detail_tbl(id,period,"date",week,type,open_time,close_time,break_time,total_time,remark) values ('00001','2020-03','27','月','0',null,null,null,null,null);
insert into detail_tbl(id,period,"date",week,type,open_time,close_time,break_time,total_time,remark) values ('00001','2020-03','28','火','0',null,null,null,null,null);
insert into detail_tbl(id,period,"date",week,type,open_time,close_time,break_time,total_time,remark) values ('00001','2020-03','29','水','0',null,null,null,null,null);
insert into detail_tbl(id,period,"date",week,type,open_time,close_time,break_time,total_time,remark) values ('00001','2020-03','30','木','0',null,null,null,null,null);
insert into detail_tbl(id,period,"date",week,type,open_time,close_time,break_time,total_time,remark) values ('00001','2020-04','1','金','0',null,null,null,null,null);
insert into detail_tbl(id,period,"date",week,type,open_time,close_time,break_time,total_time,remark) values ('00001','2020-04','2','土','0',null,null,null,null,null);
insert into detail_tbl(id,period,"date",week,type,open_time,close_time,break_time,total_time,remark) values ('00001','2020-04','3','日','0',null,null,null,null,null);
insert into detail_tbl(id,period,"date",week,type,open_time,close_time,break_time,total_time,remark) values ('00001','2020-04','4','月','0',null,null,null,null,null);
insert into detail_tbl(id,period,"date",week,type,open_time,close_time,break_time,total_time,remark) values ('00001','2020-04','5','火','0',null,null,null,null,null);
insert into detail_tbl(id,period,"date",week,type,open_time,close_time,break_time,total_time,remark) values ('00001','2020-04','6','水','0',null,null,null,null,null);
insert into detail_tbl(id,period,"date",week,type,open_time,close_time,break_time,total_time,remark) values ('00001','2020-04','7','木','0',null,null,null,null,null);
insert into detail_tbl(id,period,"date",week,type,open_time,close_time,break_time,total_time,remark) values ('00001','2020-04','8','金','0',null,null,null,null,null);
insert into detail_tbl(id,period,"date",week,type,open_time,close_time,break_time,total_time,remark) values ('00001','2020-04','9','土','0',null,null,null,null,null);
insert into detail_tbl(id,period,"date",week,type,open_time,close_time,break_time,total_time,remark) values ('00001','2020-04','10','日','0',null,null,null,null,null);
insert into detail_tbl(id,period,"date",week,type,open_time,close_time,break_time,total_time,remark) values ('00001','2020-04','11','月','0',null,null,null,null,null);
insert into detail_tbl(id,period,"date",week,type,open_time,close_time,break_time,total_time,remark) values ('00001','2020-04','12','火','0',null,null,null,null,null);
insert into detail_tbl(id,period,"date",week,type,open_time,close_time,break_time,total_time,remark) values ('00001','2020-04','13','水','0',null,null,null,null,null);
insert into detail_tbl(id,period,"date",week,type,open_time,close_time,break_time,total_time,remark) values ('00001','2020-04','14','木','0',null,null,null,null,null);
insert into detail_tbl(id,period,"date",week,type,open_time,close_time,break_time,total_time,remark) values ('00001','2020-04','15','金','0',null,null,null,null,null);
insert into detail_tbl(id,period,"date",week,type,open_time,close_time,break_time,total_time,remark) values ('00001','2020-04','16','土','0',null,null,null,null,null);
insert into detail_tbl(id,period,"date",week,type,open_time,close_time,break_time,total_time,remark) values ('00001','2020-04','17','日','0',null,null,null,null,null);
insert into detail_tbl(id,period,"date",week,type,open_time,close_time,break_time,total_time,remark) values ('00001','2020-04','18','月','0',null,null,null,null,null);
insert into detail_tbl(id,period,"date",week,type,open_time,close_time,break_time,total_time,remark) values ('00001','2020-04','19','火','0',null,null,null,null,null);
insert into detail_tbl(id,period,"date",week,type,open_time,close_time,break_time,total_time,remark) values ('00001','2020-04','20','水','0',null,null,null,null,null);
insert into detail_tbl(id,period,"date",week,type,open_time,close_time,break_time,total_time,remark) values ('00001','2020-04','21','木','0',null,null,null,null,null);
insert into detail_tbl(id,period,"date",week,type,open_time,close_time,break_time,total_time,remark) values ('00001','2020-04','22','金','0',null,null,null,null,null);
insert into detail_tbl(id,period,"date",week,type,open_time,close_time,break_time,total_time,remark) values ('00001','2020-04','23','土','0',null,null,null,null,null);
insert into detail_tbl(id,period,"date",week,type,open_time,close_time,break_time,total_time,remark) values ('00001','2020-04','24','日','0',null,null,null,null,null);
insert into detail_tbl(id,period,"date",week,type,open_time,close_time,break_time,total_time,remark) values ('00001','2020-04','25','月','0',null,null,null,null,null);
insert into detail_tbl(id,period,"date",week,type,open_time,close_time,break_time,total_time,remark) values ('00001','2020-04','26','火','0',null,null,null,null,null);
insert into detail_tbl(id,period,"date",week,type,open_time,close_time,break_time,total_time,remark) values ('00001','2020-04','27','水','0',null,null,null,null,null);
insert into detail_tbl(id,period,"date",week,type,open_time,close_time,break_time,total_time,remark) values ('00001','2020-04','28','木','0',null,null,null,null,null);
insert into detail_tbl(id,period,"date",week,type,open_time,close_time,break_time,total_time,remark) values ('00001','2020-04','29','金','0',null,null,null,null,null);
insert into detail_tbl(id,period,"date",week,type,open_time,close_time,break_time,total_time,remark) values ('00001','2020-04','30','土','0',null,null,null,null,null);
insert into detail_tbl(id,period,"date",week,type,open_time,close_time,break_time,total_time,remark) values ('00001','2020-04','31','日','0',null,null,null,null,null);
insert into detail_tbl(id,period,"date",week,type,open_time,close_time,break_time,total_time,remark) values ('00001','2020-05','1','月','0',null,null,null,null,null);
insert into detail_tbl(id,period,"date",week,type,open_time,close_time,break_time,total_time,remark) values ('00001','2020-05','2','火','0',null,null,null,null,null);
insert into detail_tbl(id,period,"date",week,type,open_time,close_time,break_time,total_time,remark) values ('00001','2020-05','3','水','0',null,null,null,null,null);
insert into detail_tbl(id,period,"date",week,type,open_time,close_time,break_time,total_time,remark) values ('00001','2020-05','4','木','0',null,null,null,null,null);
insert into detail_tbl(id,period,"date",week,type,open_time,close_time,break_time,total_time,remark) values ('00001','2020-05','5','金','0',null,null,null,null,null);
insert into detail_tbl(id,period,"date",week,type,open_time,close_time,break_time,total_time,remark) values ('00001','2020-05','6','土','0',null,null,null,null,null);
insert into detail_tbl(id,period,"date",week,type,open_time,close_time,break_time,total_time,remark) values ('00001','2020-05','7','日','0',null,null,null,null,null);
insert into detail_tbl(id,period,"date",week,type,open_time,close_time,break_time,total_time,remark) values ('00001','2020-05','8','月','0',null,null,null,null,null);
insert into detail_tbl(id,period,"date",week,type,open_time,close_time,break_time,total_time,remark) values ('00001','2020-05','9','火','0',null,null,null,null,null);
insert into detail_tbl(id,period,"date",week,type,open_time,close_time,break_time,total_time,remark) values ('00001','2020-05','10','水','0',null,null,null,null,null);
insert into detail_tbl(id,period,"date",week,type,open_time,close_time,break_time,total_time,remark) values ('00001','2020-05','11','木','0',null,null,null,null,null);
insert into detail_tbl(id,period,"date",week,type,open_time,close_time,break_time,total_time,remark) values ('00001','2020-05','12','金','0',null,null,null,null,null);
insert into detail_tbl(id,period,"date",week,type,open_time,close_time,break_time,total_time,remark) values ('00001','2020-05','13','土','0',null,null,null,null,null);
insert into detail_tbl(id,period,"date",week,type,open_time,close_time,break_time,total_time,remark) values ('00001','2020-05','14','日','0',null,null,null,null,null);
insert into detail_tbl(id,period,"date",week,type,open_time,close_time,break_time,total_time,remark) values ('00001','2020-05','15','月','0',null,null,null,null,null);
insert into detail_tbl(id,period,"date",week,type,open_time,close_time,break_time,total_time,remark) values ('00001','2020-05','16','火','0',null,null,null,null,null);
insert into detail_tbl(id,period,"date",week,type,open_time,close_time,break_time,total_time,remark) values ('00001','2020-05','17','水','0',null,null,null,null,null);
insert into detail_tbl(id,period,"date",week,type,open_time,close_time,break_time,total_time,remark) values ('00001','2020-05','18','木','0',null,null,null,null,null);
insert into detail_tbl(id,period,"date",week,type,open_time,close_time,break_time,total_time,remark) values ('00001','2020-05','19','金','0',null,null,null,null,null);
insert into detail_tbl(id,period,"date",week,type,open_time,close_time,break_time,total_time,remark) values ('00001','2020-05','20','土','0',null,null,null,null,null);
insert into detail_tbl(id,period,"date",week,type,open_time,close_time,break_time,total_time,remark) values ('00001','2020-05','21','日','0',null,null,null,null,null);
insert into detail_tbl(id,period,"date",week,type,open_time,close_time,break_time,total_time,remark) values ('00001','2020-05','22','月','0',null,null,null,null,null);
insert into detail_tbl(id,period,"date",week,type,open_time,close_time,break_time,total_time,remark) values ('00001','2020-05','23','火','0',null,null,null,null,null);
insert into detail_tbl(id,period,"date",week,type,open_time,close_time,break_time,total_time,remark) values ('00001','2020-05','24','水','0',null,null,null,null,null);
insert into detail_tbl(id,period,"date",week,type,open_time,close_time,break_time,total_time,remark) values ('00001','2020-05','25','木','0',null,null,null,null,null);
insert into detail_tbl(id,period,"date",week,type,open_time,close_time,break_time,total_time,remark) values ('00001','2020-05','26','金','0',null,null,null,null,null);
insert into detail_tbl(id,period,"date",week,type,open_time,close_time,break_time,total_time,remark) values ('00001','2020-05','27','土','0',null,null,null,null,null);
insert into detail_tbl(id,period,"date",week,type,open_time,close_time,break_time,total_time,remark) values ('00001','2020-05','28','日','0',null,null,null,null,null);
insert into detail_tbl(id,period,"date",week,type,open_time,close_time,break_time,total_time,remark) values ('00001','2020-05','29','月','0',null,null,null,null,null);
insert into detail_tbl(id,period,"date",week,type,open_time,close_time,break_time,total_time,remark) values ('00001','2020-05','30','火','0',null,null,null,null,null);
insert into detail_tbl(id,period,"date",week,type,open_time,close_time,break_time,total_time,remark) values ('00001','2020-06','1','水','0',null,null,null,null,null);
insert into detail_tbl(id,period,"date",week,type,open_time,close_time,break_time,total_time,remark) values ('00001','2020-06','2','木','0',null,null,null,null,null);
insert into detail_tbl(id,period,"date",week,type,open_time,close_time,break_time,total_time,remark) values ('00001','2020-06','3','金','0',null,null,null,null,null);
insert into detail_tbl(id,period,"date",week,type,open_time,close_time,break_time,total_time,remark) values ('00001','2020-06','4','土','0',null,null,null,null,null);
insert into detail_tbl(id,period,"date",week,type,open_time,close_time,break_time,total_time,remark) values ('00001','2020-06','5','日','0',null,null,null,null,null);
insert into detail_tbl(id,period,"date",week,type,open_time,close_time,break_time,total_time,remark) values ('00001','2020-06','6','月','0',null,null,null,null,null);
insert into detail_tbl(id,period,"date",week,type,open_time,close_time,break_time,total_time,remark) values ('00001','2020-06','7','火','0',null,null,null,null,null);
insert into detail_tbl(id,period,"date",week,type,open_time,close_time,break_time,total_time,remark) values ('00001','2020-06','8','水','0',null,null,null,null,null);
insert into detail_tbl(id,period,"date",week,type,open_time,close_time,break_time,total_time,remark) values ('00001','2020-06','9','木','0',null,null,null,null,null);
insert into detail_tbl(id,period,"date",week,type,open_time,close_time,break_time,total_time,remark) values ('00001','2020-06','10','金','0',null,null,null,null,null);
insert into detail_tbl(id,period,"date",week,type,open_time,close_time,break_time,total_time,remark) values ('00001','2020-06','11','土','0',null,null,null,null,null);
insert into detail_tbl(id,period,"date",week,type,open_time,close_time,break_time,total_time,remark) values ('00001','2020-06','12','日','0',null,null,null,null,null);
insert into detail_tbl(id,period,"date",week,type,open_time,close_time,break_time,total_time,remark) values ('00001','2020-06','13','月','0',null,null,null,null,null);
insert into detail_tbl(id,period,"date",week,type,open_time,close_time,break_time,total_time,remark) values ('00001','2020-06','14','火','0',null,null,null,null,null);
insert into detail_tbl(id,period,"date",week,type,open_time,close_time,break_time,total_time,remark) values ('00001','2020-06','15','水','0',null,null,null,null,null);
insert into detail_tbl(id,period,"date",week,type,open_time,close_time,break_time,total_time,remark) values ('00001','2020-06','16','木','0',null,null,null,null,null);
insert into detail_tbl(id,period,"date",week,type,open_time,close_time,break_time,total_time,remark) values ('00001','2020-06','17','金','0',null,null,null,null,null);
insert into detail_tbl(id,period,"date",week,type,open_time,close_time,break_time,total_time,remark) values ('00001','2020-06','18','土','0',null,null,null,null,null);
insert into detail_tbl(id,period,"date",week,type,open_time,close_time,break_time,total_time,remark) values ('00001','2020-06','19','日','0',null,null,null,null,null);
insert into detail_tbl(id,period,"date",week,type,open_time,close_time,break_time,total_time,remark) values ('00001','2020-06','20','月','0',null,null,null,null,null);
insert into detail_tbl(id,period,"date",week,type,open_time,close_time,break_time,total_time,remark) values ('00001','2020-06','21','火','0',null,null,null,null,null);
insert into detail_tbl(id,period,"date",week,type,open_time,close_time,break_time,total_time,remark) values ('00001','2020-06','22','水','0',null,null,null,null,null);
insert into detail_tbl(id,period,"date",week,type,open_time,close_time,break_time,total_time,remark) values ('00001','2020-06','23','木','0',null,null,null,null,null);
insert into detail_tbl(id,period,"date",week,type,open_time,close_time,break_time,total_time,remark) values ('00001','2020-06','24','金','0',null,null,null,null,null);
insert into detail_tbl(id,period,"date",week,type,open_time,close_time,break_time,total_time,remark) values ('00001','2020-06','25','土','0',null,null,null,null,null);
insert into detail_tbl(id,period,"date",week,type,open_time,close_time,break_time,total_time,remark) values ('00001','2020-06','26','日','0',null,null,null,null,null);
insert into detail_tbl(id,period,"date",week,type,open_time,close_time,break_time,total_time,remark) values ('00001','2020-06','27','月','0',null,null,null,null,null);
insert into detail_tbl(id,period,"date",week,type,open_time,close_time,break_time,total_time,remark) values ('00001','2020-06','28','火','0',null,null,null,null,null);
insert into detail_tbl(id,period,"date",week,type,open_time,close_time,break_time,total_time,remark) values ('00001','2020-06','29','水','0',null,null,null,null,null);
insert into detail_tbl(id,period,"date",week,type,open_time,close_time,break_time,total_time,remark) values ('00001','2020-06','30','木','0',null,null,null,null,null);
insert into detail_tbl(id,period,"date",week,type,open_time,close_time,break_time,total_time,remark) values ('00001','2020-06','31','金','0',null,null,null,null,null);
insert into detail_tbl(id,period,"date",week,type,open_time,close_time,break_time,total_time,remark) values ('00001','2020-07','1','土','0',null,null,null,null,null);
insert into detail_tbl(id,period,"date",week,type,open_time,close_time,break_time,total_time,remark) values ('00001','2020-07','2','日','0',null,null,null,null,null);
insert into detail_tbl(id,period,"date",week,type,open_time,close_time,break_time,total_time,remark) values ('00001','2020-07','3','月','0',null,null,null,null,null);
insert into detail_tbl(id,period,"date",week,type,open_time,close_time,break_time,total_time,remark) values ('00001','2020-07','4','火','0',null,null,null,null,null);
insert into detail_tbl(id,period,"date",week,type,open_time,close_time,break_time,total_time,remark) values ('00001','2020-07','5','水','0',null,null,null,null,null);
insert into detail_tbl(id,period,"date",week,type,open_time,close_time,break_time,total_time,remark) values ('00001','2020-07','6','木','0',null,null,null,null,null);
insert into detail_tbl(id,period,"date",week,type,open_time,close_time,break_time,total_time,remark) values ('00001','2020-07','7','金','0',null,null,null,null,null);
insert into detail_tbl(id,period,"date",week,type,open_time,close_time,break_time,total_time,remark) values ('00001','2020-07','8','土','0',null,null,null,null,null);
insert into detail_tbl(id,period,"date",week,type,open_time,close_time,break_time,total_time,remark) values ('00001','2020-07','9','日','0',null,null,null,null,null);
insert into detail_tbl(id,period,"date",week,type,open_time,close_time,break_time,total_time,remark) values ('00001','2020-07','10','月','0',null,null,null,null,null);
insert into detail_tbl(id,period,"date",week,type,open_time,close_time,break_time,total_time,remark) values ('00001','2020-07','11','火','0',null,null,null,null,null);
insert into detail_tbl(id,period,"date",week,type,open_time,close_time,break_time,total_time,remark) values ('00001','2020-07','12','水','0',null,null,null,null,null);
insert into detail_tbl(id,period,"date",week,type,open_time,close_time,break_time,total_time,remark) values ('00001','2020-07','13','木','0',null,null,null,null,null);
insert into detail_tbl(id,period,"date",week,type,open_time,close_time,break_time,total_time,remark) values ('00001','2020-07','14','金','0',null,null,null,null,null);
insert into detail_tbl(id,period,"date",week,type,open_time,close_time,break_time,total_time,remark) values ('00001','2020-07','15','土','0',null,null,null,null,null);
insert into detail_tbl(id,period,"date",week,type,open_time,close_time,break_time,total_time,remark) values ('00001','2020-07','16','日','0',null,null,null,null,null);
insert into detail_tbl(id,period,"date",week,type,open_time,close_time,break_time,total_time,remark) values ('00001','2020-07','17','月','0',null,null,null,null,null);
insert into detail_tbl(id,period,"date",week,type,open_time,close_time,break_time,total_time,remark) values ('00001','2020-07','18','火','0',null,null,null,null,null);
insert into detail_tbl(id,period,"date",week,type,open_time,close_time,break_time,total_time,remark) values ('00001','2020-07','19','水','0',null,null,null,null,null);
insert into detail_tbl(id,period,"date",week,type,open_time,close_time,break_time,total_time,remark) values ('00001','2020-07','20','木','0',null,null,null,null,null);
insert into detail_tbl(id,period,"date",week,type,open_time,close_time,break_time,total_time,remark) values ('00001','2020-07','21','金','0',null,null,null,null,null);
insert into detail_tbl(id,period,"date",week,type,open_time,close_time,break_time,total_time,remark) values ('00001','2020-07','22','土','0',null,null,null,null,null);
insert into detail_tbl(id,period,"date",week,type,open_time,close_time,break_time,total_time,remark) values ('00001','2020-07','23','日','0',null,null,null,null,null);
insert into detail_tbl(id,period,"date",week,type,open_time,close_time,break_time,total_time,remark) values ('00001','2020-07','24','月','0',null,null,null,null,null);
insert into detail_tbl(id,period,"date",week,type,open_time,close_time,break_time,total_time,remark) values ('00001','2020-07','25','火','0',null,null,null,null,null);
insert into detail_tbl(id,period,"date",week,type,open_time,close_time,break_time,total_time,remark) values ('00001','2020-07','26','水','0',null,null,null,null,null);
insert into detail_tbl(id,period,"date",week,type,open_time,close_time,break_time,total_time,remark) values ('00001','2020-07','27','木','0',null,null,null,null,null);
insert into detail_tbl(id,period,"date",week,type,open_time,close_time,break_time,total_time,remark) values ('00001','2020-07','28','金','0',null,null,null,null,null);
insert into detail_tbl(id,period,"date",week,type,open_time,close_time,break_time,total_time,remark) values ('00001','2020-07','29','土','0',null,null,null,null,null);
insert into detail_tbl(id,period,"date",week,type,open_time,close_time,break_time,total_time,remark) values ('00001','2020-07','30','日','0',null,null,null,null,null);
insert into detail_tbl(id,period,"date",week,type,open_time,close_time,break_time,total_time,remark) values ('00001','2020-07','31','月','0',null,null,null,null,null);
insert into detail_tbl(id,period,"date",week,type,open_time,close_time,break_time,total_time,remark) values ('00001','2020-08','1','火','0',null,null,null,null,null);
insert into detail_tbl(id,period,"date",week,type,open_time,close_time,break_time,total_time,remark) values ('00001','2020-08','2','水','0',null,null,null,null,null);
insert into detail_tbl(id,period,"date",week,type,open_time,close_time,break_time,total_time,remark) values ('00001','2020-08','3','木','0',null,null,null,null,null);
insert into detail_tbl(id,period,"date",week,type,open_time,close_time,break_time,total_time,remark) values ('00001','2020-08','4','金','0',null,null,null,null,null);
insert into detail_tbl(id,period,"date",week,type,open_time,close_time,break_time,total_time,remark) values ('00001','2020-08','5','土','0',null,null,null,null,null);
insert into detail_tbl(id,period,"date",week,type,open_time,close_time,break_time,total_time,remark) values ('00001','2020-08','6','日','0',null,null,null,null,null);
insert into detail_tbl(id,period,"date",week,type,open_time,close_time,break_time,total_time,remark) values ('00001','2020-08','7','月','0',null,null,null,null,null);
insert into detail_tbl(id,period,"date",week,type,open_time,close_time,break_time,total_time,remark) values ('00001','2020-08','8','火','0',null,null,null,null,null);
insert into detail_tbl(id,period,"date",week,type,open_time,close_time,break_time,total_time,remark) values ('00001','2020-08','9','水','0',null,null,null,null,null);
insert into detail_tbl(id,period,"date",week,type,open_time,close_time,break_time,total_time,remark) values ('00001','2020-08','10','木','0',null,null,null,null,null);
insert into detail_tbl(id,period,"date",week,type,open_time,close_time,break_time,total_time,remark) values ('00001','2020-08','11','金','0',null,null,null,null,null);
insert into detail_tbl(id,period,"date",week,type,open_time,close_time,break_time,total_time,remark) values ('00001','2020-08','12','土','0',null,null,null,null,null);
insert into detail_tbl(id,period,"date",week,type,open_time,close_time,break_time,total_time,remark) values ('00001','2020-08','13','日','0',null,null,null,null,null);
insert into detail_tbl(id,period,"date",week,type,open_time,close_time,break_time,total_time,remark) values ('00001','2020-08','14','月','0',null,null,null,null,null);
insert into detail_tbl(id,period,"date",week,type,open_time,close_time,break_time,total_time,remark) values ('00001','2020-08','15','火','0',null,null,null,null,null);
insert into detail_tbl(id,period,"date",week,type,open_time,close_time,break_time,total_time,remark) values ('00001','2020-08','16','水','0',null,null,null,null,null);
insert into detail_tbl(id,period,"date",week,type,open_time,close_time,break_time,total_time,remark) values ('00001','2020-08','17','木','0',null,null,null,null,null);
insert into detail_tbl(id,period,"date",week,type,open_time,close_time,break_time,total_time,remark) values ('00001','2020-08','18','金','0',null,null,null,null,null);
insert into detail_tbl(id,period,"date",week,type,open_time,close_time,break_time,total_time,remark) values ('00001','2020-08','19','土','0',null,null,null,null,null);
insert into detail_tbl(id,period,"date",week,type,open_time,close_time,break_time,total_time,remark) values ('00001','2020-08','20','日','0',null,null,null,null,null);
insert into detail_tbl(id,period,"date",week,type,open_time,close_time,break_time,total_time,remark) values ('00001','2020-08','21','月','0',null,null,null,null,null);
insert into detail_tbl(id,period,"date",week,type,open_time,close_time,break_time,total_time,remark) values ('00001','2020-08','22','火','0',null,null,null,null,null);
insert into detail_tbl(id,period,"date",week,type,open_time,close_time,break_time,total_time,remark) values ('00001','2020-08','23','水','0',null,null,null,null,null);
insert into detail_tbl(id,period,"date",week,type,open_time,close_time,break_time,total_time,remark) values ('00001','2020-08','24','木','0',null,null,null,null,null);
insert into detail_tbl(id,period,"date",week,type,open_time,close_time,break_time,total_time,remark) values ('00001','2020-08','25','金','0',null,null,null,null,null);
insert into detail_tbl(id,period,"date",week,type,open_time,close_time,break_time,total_time,remark) values ('00001','2020-08','26','土','0',null,null,null,null,null);
insert into detail_tbl(id,period,"date",week,type,open_time,close_time,break_time,total_time,remark) values ('00001','2020-08','27','日','0',null,null,null,null,null);
insert into detail_tbl(id,period,"date",week,type,open_time,close_time,break_time,total_time,remark) values ('00001','2020-08','28','月','0',null,null,null,null,null);
insert into detail_tbl(id,period,"date",week,type,open_time,close_time,break_time,total_time,remark) values ('00001','2020-08','29','火','0',null,null,null,null,null);
insert into detail_tbl(id,period,"date",week,type,open_time,close_time,break_time,total_time,remark) values ('00001','2020-08','30','水','0',null,null,null,null,null);
insert into detail_tbl(id,period,"date",week,type,open_time,close_time,break_time,total_time,remark) values ('00001','2020-09','1','木','0',null,null,null,null,null);
insert into detail_tbl(id,period,"date",week,type,open_time,close_time,break_time,total_time,remark) values ('00001','2020-09','2','金','0',null,null,null,null,null);
insert into detail_tbl(id,period,"date",week,type,open_time,close_time,break_time,total_time,remark) values ('00001','2020-09','3','土','0',null,null,null,null,null);
insert into detail_tbl(id,period,"date",week,type,open_time,close_time,break_time,total_time,remark) values ('00001','2020-09','4','日','0',null,null,null,null,null);
insert into detail_tbl(id,period,"date",week,type,open_time,close_time,break_time,total_time,remark) values ('00001','2020-09','5','月','0',null,null,null,null,null);
insert into detail_tbl(id,period,"date",week,type,open_time,close_time,break_time,total_time,remark) values ('00001','2020-09','6','火','0',null,null,null,null,null);
insert into detail_tbl(id,period,"date",week,type,open_time,close_time,break_time,total_time,remark) values ('00001','2020-09','7','水','0',null,null,null,null,null);
insert into detail_tbl(id,period,"date",week,type,open_time,close_time,break_time,total_time,remark) values ('00001','2020-09','8','木','0',null,null,null,null,null);
insert into detail_tbl(id,period,"date",week,type,open_time,close_time,break_time,total_time,remark) values ('00001','2020-09','9','金','0',null,null,null,null,null);
insert into detail_tbl(id,period,"date",week,type,open_time,close_time,break_time,total_time,remark) values ('00001','2020-09','10','土','0',null,null,null,null,null);
insert into detail_tbl(id,period,"date",week,type,open_time,close_time,break_time,total_time,remark) values ('00001','2020-09','11','日','0',null,null,null,null,null);
insert into detail_tbl(id,period,"date",week,type,open_time,close_time,break_time,total_time,remark) values ('00001','2020-09','12','月','0',null,null,null,null,null);
insert into detail_tbl(id,period,"date",week,type,open_time,close_time,break_time,total_time,remark) values ('00001','2020-09','13','火','0',null,null,null,null,null);
insert into detail_tbl(id,period,"date",week,type,open_time,close_time,break_time,total_time,remark) values ('00001','2020-09','14','水','0',null,null,null,null,null);
insert into detail_tbl(id,period,"date",week,type,open_time,close_time,break_time,total_time,remark) values ('00001','2020-09','15','木','0',null,null,null,null,null);
insert into detail_tbl(id,period,"date",week,type,open_time,close_time,break_time,total_time,remark) values ('00001','2020-09','16','金','0',null,null,null,null,null);
insert into detail_tbl(id,period,"date",week,type,open_time,close_time,break_time,total_time,remark) values ('00001','2020-09','17','土','0',null,null,null,null,null);
insert into detail_tbl(id,period,"date",week,type,open_time,close_time,break_time,total_time,remark) values ('00001','2020-09','18','日','0',null,null,null,null,null);
insert into detail_tbl(id,period,"date",week,type,open_time,close_time,break_time,total_time,remark) values ('00001','2020-09','19','月','0',null,null,null,null,null);
insert into detail_tbl(id,period,"date",week,type,open_time,close_time,break_time,total_time,remark) values ('00001','2020-09','20','火','0',null,null,null,null,null);
insert into detail_tbl(id,period,"date",week,type,open_time,close_time,break_time,total_time,remark) values ('00001','2020-09','21','水','0',null,null,null,null,null);
insert into detail_tbl(id,period,"date",week,type,open_time,close_time,break_time,total_time,remark) values ('00001','2020-09','22','木','0',null,null,null,null,null);
insert into detail_tbl(id,period,"date",week,type,open_time,close_time,break_time,total_time,remark) values ('00001','2020-09','23','金','0',null,null,null,null,null);
insert into detail_tbl(id,period,"date",week,type,open_time,close_time,break_time,total_time,remark) values ('00001','2020-09','24','土','0',null,null,null,null,null);
insert into detail_tbl(id,period,"date",week,type,open_time,close_time,break_time,total_time,remark) values ('00001','2020-09','25','日','0',null,null,null,null,null);
insert into detail_tbl(id,period,"date",week,type,open_time,close_time,break_time,total_time,remark) values ('00001','2020-09','26','月','0',null,null,null,null,null);
insert into detail_tbl(id,period,"date",week,type,open_time,close_time,break_time,total_time,remark) values ('00001','2020-09','27','火','0',null,null,null,null,null);
insert into detail_tbl(id,period,"date",week,type,open_time,close_time,break_time,total_time,remark) values ('00001','2020-09','28','水','0',null,null,null,null,null);
insert into detail_tbl(id,period,"date",week,type,open_time,close_time,break_time,total_time,remark) values ('00001','2020-09','29','木','0',null,null,null,null,null);
insert into detail_tbl(id,period,"date",week,type,open_time,close_time,break_time,total_time,remark) values ('00001','2020-09','30','金','0',null,null,null,null,null);
insert into detail_tbl(id,period,"date",week,type,open_time,close_time,break_time,total_time,remark) values ('00001','2020-09','31','土','0',null,null,null,null,null);
insert into detail_tbl(id,period,"date",week,type,open_time,close_time,break_time,total_time,remark) values ('00001','2020-11','1','火','0',null,null,null,null,null);
insert into detail_tbl(id,period,"date",week,type,open_time,close_time,break_time,total_time,remark) values ('00001','2020-11','2','水','0',null,null,null,null,null);
insert into detail_tbl(id,period,"date",week,type,open_time,close_time,break_time,total_time,remark) values ('00001','2020-11','3','木','0',null,null,null,null,null);
insert into detail_tbl(id,period,"date",week,type,open_time,close_time,break_time,total_time,remark) values ('00001','2020-11','4','金','0',null,null,null,null,null);
insert into detail_tbl(id,period,"date",week,type,open_time,close_time,break_time,total_time,remark) values ('00001','2020-11','5','土','0',null,null,null,null,null);
insert into detail_tbl(id,period,"date",week,type,open_time,close_time,break_time,total_time,remark) values ('00001','2020-11','6','日','0',null,null,null,null,null);
insert into detail_tbl(id,period,"date",week,type,open_time,close_time,break_time,total_time,remark) values ('00001','2020-11','7','月','0',null,null,null,null,null);
insert into detail_tbl(id,period,"date",week,type,open_time,close_time,break_time,total_time,remark) values ('00001','2020-11','8','火','0',null,null,null,null,null);
insert into detail_tbl(id,period,"date",week,type,open_time,close_time,break_time,total_time,remark) values ('00001','2020-11','9','水','0',null,null,null,null,null);
insert into detail_tbl(id,period,"date",week,type,open_time,close_time,break_time,total_time,remark) values ('00001','2020-11','10','木','0',null,null,null,null,null);
insert into detail_tbl(id,period,"date",week,type,open_time,close_time,break_time,total_time,remark) values ('00001','2020-11','11','金','0',null,null,null,null,null);
insert into detail_tbl(id,period,"date",week,type,open_time,close_time,break_time,total_time,remark) values ('00001','2020-11','12','土','0',null,null,null,null,null);
insert into detail_tbl(id,period,"date",week,type,open_time,close_time,break_time,total_time,remark) values ('00001','2020-11','13','日','0',null,null,null,null,null);
insert into detail_tbl(id,period,"date",week,type,open_time,close_time,break_time,total_time,remark) values ('00001','2020-11','14','月','0',null,null,null,null,null);
insert into detail_tbl(id,period,"date",week,type,open_time,close_time,break_time,total_time,remark) values ('00001','2020-11','15','火','0',null,null,null,null,null);
insert into detail_tbl(id,period,"date",week,type,open_time,close_time,break_time,total_time,remark) values ('00001','2020-11','16','水','0',null,null,null,null,null);
insert into detail_tbl(id,period,"date",week,type,open_time,close_time,break_time,total_time,remark) values ('00001','2020-11','17','木','0',null,null,null,null,null);
insert into detail_tbl(id,period,"date",week,type,open_time,close_time,break_time,total_time,remark) values ('00001','2020-11','18','金','0',null,null,null,null,null);
insert into detail_tbl(id,period,"date",week,type,open_time,close_time,break_time,total_time,remark) values ('00001','2020-11','19','土','0',null,null,null,null,null);
insert into detail_tbl(id,period,"date",week,type,open_time,close_time,break_time,total_time,remark) values ('00001','2020-11','20','日','0',null,null,null,null,null);
insert into detail_tbl(id,period,"date",week,type,open_time,close_time,break_time,total_time,remark) values ('00001','2020-11','21','月','0',null,null,null,null,null);
insert into detail_tbl(id,period,"date",week,type,open_time,close_time,break_time,total_time,remark) values ('00001','2020-11','22','火','0',null,null,null,null,null);
insert into detail_tbl(id,period,"date",week,type,open_time,close_time,break_time,total_time,remark) values ('00001','2020-11','23','水','0',null,null,null,null,null);
insert into detail_tbl(id,period,"date",week,type,open_time,close_time,break_time,total_time,remark) values ('00001','2020-11','24','木','0',null,null,null,null,null);
insert into detail_tbl(id,period,"date",week,type,open_time,close_time,break_time,total_time,remark) values ('00001','2020-11','25','金','0',null,null,null,null,null);
insert into detail_tbl(id,period,"date",week,type,open_time,close_time,break_time,total_time,remark) values ('00001','2020-11','26','土','0',null,null,null,null,null);
insert into detail_tbl(id,period,"date",week,type,open_time,close_time,break_time,total_time,remark) values ('00001','2020-11','27','日','0',null,null,null,null,null);
insert into detail_tbl(id,period,"date",week,type,open_time,close_time,break_time,total_time,remark) values ('00001','2020-11','28','月','0',null,null,null,null,null);
insert into detail_tbl(id,period,"date",week,type,open_time,close_time,break_time,total_time,remark) values ('00001','2020-11','29','火','0',null,null,null,null,null);
insert into detail_tbl(id,period,"date",week,type,open_time,close_time,break_time,total_time,remark) values ('00001','2020-11','30','水','0',null,null,null,null,null);
insert into detail_tbl(id,period,"date",week,type,open_time,close_time,break_time,total_time,remark) values ('00001','2020-11','31','木','0',null,null,null,null,null);
insert into detail_tbl(id,period,"date",week,type,open_time,close_time,break_time,total_time,remark) values ('00001','2020-12','1','金','0',null,null,null,null,null);
insert into detail_tbl(id,period,"date",week,type,open_time,close_time,break_time,total_time,remark) values ('00001','2020-12','2','土','0',null,null,null,null,null);
insert into detail_tbl(id,period,"date",week,type,open_time,close_time,break_time,total_time,remark) values ('00001','2020-12','3','日','0',null,null,null,null,null);
insert into detail_tbl(id,period,"date",week,type,open_time,close_time,break_time,total_time,remark) values ('00001','2020-12','4','月','0',null,null,null,null,null);
insert into detail_tbl(id,period,"date",week,type,open_time,close_time,break_time,total_time,remark) values ('00001','2020-12','5','火','0',null,null,null,null,null);
insert into detail_tbl(id,period,"date",week,type,open_time,close_time,break_time,total_time,remark) values ('00001','2020-12','6','水','0',null,null,null,null,null);
insert into detail_tbl(id,period,"date",week,type,open_time,close_time,break_time,total_time,remark) values ('00001','2020-12','7','木','0',null,null,null,null,null);
insert into detail_tbl(id,period,"date",week,type,open_time,close_time,break_time,total_time,remark) values ('00001','2020-12','8','金','0',null,null,null,null,null);
insert into detail_tbl(id,period,"date",week,type,open_time,close_time,break_time,total_time,remark) values ('00001','2020-12','9','土','0',null,null,null,null,null);
insert into detail_tbl(id,period,"date",week,type,open_time,close_time,break_time,total_time,remark) values ('00001','2020-12','10','日','0',null,null,null,null,null);
insert into detail_tbl(id,period,"date",week,type,open_time,close_time,break_time,total_time,remark) values ('00001','2020-12','11','月','0',null,null,null,null,null);
insert into detail_tbl(id,period,"date",week,type,open_time,close_time,break_time,total_time,remark) values ('00001','2020-12','12','火','0',null,null,null,null,null);
insert into detail_tbl(id,period,"date",week,type,open_time,close_time,break_time,total_time,remark) values ('00001','2020-12','13','水','0',null,null,null,null,null);
insert into detail_tbl(id,period,"date",week,type,open_time,close_time,break_time,total_time,remark) values ('00001','2020-12','14','木','0',null,null,null,null,null);
insert into detail_tbl(id,period,"date",week,type,open_time,close_time,break_time,total_time,remark) values ('00001','2020-12','15','金','0',null,null,null,null,null);
insert into detail_tbl(id,period,"date",week,type,open_time,close_time,break_time,total_time,remark) values ('00001','2020-12','16','土','0',null,null,null,null,null);
insert into detail_tbl(id,period,"date",week,type,open_time,close_time,break_time,total_time,remark) values ('00001','2020-12','17','日','0',null,null,null,null,null);
insert into detail_tbl(id,period,"date",week,type,open_time,close_time,break_time,total_time,remark) values ('00001','2020-12','18','月','0',null,null,null,null,null);
insert into detail_tbl(id,period,"date",week,type,open_time,close_time,break_time,total_time,remark) values ('00001','2020-12','19','火','0',null,null,null,null,null);
insert into detail_tbl(id,period,"date",week,type,open_time,close_time,break_time,total_time,remark) values ('00001','2020-12','20','水','0',null,null,null,null,null);
insert into detail_tbl(id,period,"date",week,type,open_time,close_time,break_time,total_time,remark) values ('00001','2020-12','21','木','0',null,null,null,null,null);
insert into detail_tbl(id,period,"date",week,type,open_time,close_time,break_time,total_time,remark) values ('00001','2020-12','22','金','0',null,null,null,null,null);
insert into detail_tbl(id,period,"date",week,type,open_time,close_time,break_time,total_time,remark) values ('00001','2020-12','23','土','0',null,null,null,null,null);
insert into detail_tbl(id,period,"date",week,type,open_time,close_time,break_time,total_time,remark) values ('00001','2020-12','24','日','0',null,null,null,null,null);
insert into detail_tbl(id,period,"date",week,type,open_time,close_time,break_time,total_time,remark) values ('00001','2020-12','25','月','0',null,null,null,null,null);
insert into detail_tbl(id,period,"date",week,type,open_time,close_time,break_time,total_time,remark) values ('00001','2020-12','26','火','0',null,null,null,null,null);
insert into detail_tbl(id,period,"date",week,type,open_time,close_time,break_time,total_time,remark) values ('00001','2020-12','27','水','0',null,null,null,null,null);
insert into detail_tbl(id,period,"date",week,type,open_time,close_time,break_time,total_time,remark) values ('00001','2020-12','28','木','0',null,null,null,null,null);
insert into detail_tbl(id,period,"date",week,type,open_time,close_time,break_time,total_time,remark) values ('00001','2020-12','29','金','0',null,null,null,null,null);
insert into detail_tbl(id,period,"date",week,type,open_time,close_time,break_time,total_time,remark) values ('00001','2020-12','30','土','0',null,null,null,null,null);
insert into detail_tbl(id,period,"date",week,type,open_time,close_time,break_time,total_time,remark) values ('00001','2020-12','31','日','0',null,null,null,null,null);

